"0","16777215","-","-"
"34881536","34910975","UK","UNITED KINGDOM"
"69956112","71020671","US","UNITED STATES"
"84558584","84558847","NL","NETHERLANDS"
"84559520","84559527","ES","SPAIN"
"84560752","84560783","US","UNITED STATES"
"84561956","84561959","IL","ISRAEL"
"84563112","84563112","CN","CHINA"
"84563800","84563807","GR","GREECE"
"84564448","84564449","MA","MOROCCO"
"84577024","84582399","UK","UNITED KINGDOM"
"86024192","86026239","DE","GERMANY"
"86443056","86443063","FR","FRANCE"
"86444912","86444943","FR","FRANCE"
"86446760","86446763","PL","POLAND"
"86449588","86449595","DE","GERMANY"
"86451536","86451551","DE","GERMANY"
"86454176","86454183","IE","IRELAND"
"86457060","86457063","DE","GERMANY"
"86468064","86468351","FR","FRANCE"
"86471296","86471327","UK","UNITED KINGDOM"
"86491136","86493183","PL","POLAND"
"87561600","87561727","IN","INDIA"
"88015104","88016895","LY","LIBYA"
"90718208","90720255","UK","UNITED KINGDOM"
"92555776","92556031","ES","SPAIN"
"92581376","92581631","NU","NIUE"
"92657280","92657295","NL","NETHERLANDS"
"92734272","92734279","FR","FRANCE"
"92739356","92739359","ES","SPAIN"
"92742800","92742807","IT","ITALY"
"92746720","92746831","FR","FRANCE"
"92750840","92750843","PL","POLAND"
"92755032","92755135","FR","FRANCE"
"92759024","92759027","PT","PORTUGAL"
"92763200","92763207","ES","SPAIN"
"92783496","92783503","ES","SPAIN"
"92786520","92786527","FR","FRANCE"
"92788744","92788747","PL","POLAND"
"92791224","92791231","ES","SPAIN"
"92796904","92796907","FR","FRANCE"
"93369345","93369599","US","UNITED STATES"
"93913392","93913399","NL","NETHERLANDS"
"93914432","93914439","US","UNITED STATES"
"93915744","93915751","UK","UNITED KINGDOM"
"93916736","93916743","MA","MOROCCO"
"93917728","93917735","UK","UNITED KINGDOM"
"93918608","93918623","NL","NETHERLANDS"
"93919816","93919819","BD","BANGLADESH"
"93920840","93920843","IT","ITALY"
"93922184","93922199","US","UNITED STATES"
"93924152","93924159","ES","SPAIN"
"93925248","93925255","ES","SPAIN"
"93927272","93927279","UK","UNITED KINGDOM"
"95207424","95211519","GR","GREECE"
"96903168","96911359","IR","IRAN, ISLAMIC REPUBLIC OF"
"96972128","96972143","KN","SAINT KITTS AND NEVIS"
"98578176","98578431","CF","CENTRAL AFRICAN REPUBLIC"
"98603776","98604031","MH","MARSHALL ISLANDS"
"98629376","98629631","WF","WALLIS AND FUTUNA"
"98656512","98656767","GT","GUATEMALA"
"98682112","98682367","SA","SAUDI ARABIA"
"100237312","100237407","IT","ITALY"
"135556864","135603199","US","UNITED STATES"
"212788864","212788991","PR","PUERTO RICO"
"247513088","247529471","MY","MALAYSIA"
"386924544","387055615","CA","CANADA"
"388885504","388886527","NL","NETHERLANDS"
"390106624","390107135","NL","NETHERLANDS"
"391787264","391787519","CN","CHINA"
"391927488","391927519","US","UNITED STATES"
"391929328","391929335","US","UNITED STATES"
"398659584","398675967","NL","NETHERLANDS"
"400559272","400559279","US","UNITED STATES"
"400843008","400843263","US","UNITED STATES"
"400891904","400892159","IN","INDIA"
"401228112","401228119","IN","INDIA"
"401229768","401229775","UK","UNITED KINGDOM"
"401231608","401231615","US","UNITED STATES"
"401233240","401233247","AE","UNITED ARAB EMIRATES"
"401235248","401235255","US","UNITED STATES"
"401237408","401237439","BR","BRAZIL"
"401239184","401239191","CA","CANADA"
"401241456","401241519","US","UNITED STATES"
"401368128","401368135","ID","INDONESIA"
"401371120","401371143","US","UNITED STATES"
"401374632","401374647","US","UNITED STATES"
"402077696","402077791","US","UNITED STATES"
"402171712","402171831","US","UNITED STATES"
"402174080","402174087","CA","CANADA"
"402177008","402177015","US","UNITED STATES"
"402351184","402351191","AT","AUSTRIA"
"402353952","402353959","CA","CANADA"
"409337856","409354239","CA","CANADA"
"412647424","412680191","US","UNITED STATES"
"456130560","456261631","IN","INDIA"
"460310928","460310975","HK","HONG KONG"
"461095936","461096447","AU","AUSTRALIA"
"520490752","520491007","RU","RUSSIAN FEDERATION"
"520984576","520984831","NG","NIGERIA"
"521713664","521715711","HU","HUNGARY"
"522833920","522835967","PL","POLAND"
"528662528","528664575","RU","RUSSIAN FEDERATION"
"530120704","530165759","CY","CYPRUS"
"531428976","531428983","IT","ITALY"
"532341504","532342783","DE","GERMANY"
"533479776","533479807","DK","DENMARK"
"533896404","533896405","US","UNITED STATES"
"534519520","534519551","CN","CHINA"
"540704768","540705023","UK","UNITED KINGDOM"
"603979776","603980799","CN","CHINA"
"621376512","621381631","RU","RUSSIAN FEDERATION"
"622503936","622505983","AM","ARMENIA"
"623806464","623808511","NL","NETHERLANDS"
"624575048","624575055","UK","UNITED KINGDOM"
"624576056","624576063","HK","HONG KONG"
"624577360","624577367","NL","NETHERLANDS"
"624578792","624578799","GR","GREECE"
"624579680","624579703","US","UNITED STATES"
"624580136","624580143","UK","UNITED KINGDOM"
"624581176","624581183","CY","CYPRUS"
"624582408","624582415","IL","ISRAEL"
"624641120","624641127","PL","POLAND"
"624642952","624643015","FR","FRANCE"
"624644832","624644847","FR","FRANCE"
"624647196","624647199","PL","POLAND"
"624657592","624657599","FR","FRANCE"
"624658944","624658947","PL","POLAND"
"624661248","624661251","FR","FRANCE"
"624663936","624663951","FI","FINLAND"
"624666380","624666383","PL","POLAND"
"624668708","624668715","FR","FRANCE"
"624670392","624670395","NL","NETHERLANDS"
"624673304","624673307","UK","UNITED KINGDOM"
"624675780","624675783","PL","POLAND"
"624677788","624677791","PL","POLAND"
"624679888","624679903","FR","FRANCE"
"624682880","624682911","UK","UNITED KINGDOM"
"624684620","624684639","FR","FRANCE"
"624686668","624686695","FR","FRANCE"
"624689084","624689087","NL","NETHERLANDS"
"625786880","625795071","IL","ISRAEL"
"628241504","628241535","UK","UNITED KINGDOM"
"629880832","629881855","EE","ESTONIA"
"631001088","631005183","MD","MOLDOVA, REPUBLIC OF"
"634200064","634202111","IS","ICELAND"
"635219968","635224063","RU","RUSSIAN FEDERATION"
"635322880","635323135","DM","DOMINICA"
"635348480","635348735","NE","NIGER"
"635374336","635374591","AW","ARUBA"
"635399936","635400191","IN","INDIA"
"635425536","635425791","SR","SURINAME"
"636171776","636172031","UK","UNITED KINGDOM"
"637336320","637336575","CL","CHILE"
"642303488","642334719","US","UNITED STATES"
"643303456","643303463","UK","UNITED KINGDOM"
"643952040","643952047","CA","CANADA"
"644061664","644062903","CA","CANADA"
"644074536","644074539","CA","CANADA"
"644080704","644080735","CA","CANADA"
"644194432","644194433","CA","CANADA"
"644207360","644207391","UK","UNITED KINGDOM"
"644300825","644300825","PH","PHILIPPINES"
"644301932","644301951","US","UNITED STATES"
"644303388","644303389","CA","CANADA"
"644318720","644322975","US","UNITED STATES"
"644365228","644365407","US","UNITED STATES"
"644374480","644374487","US","UNITED STATES"
"644382356","644382359","CA","CANADA"
"644389892","644389899","CA","CANADA"
"644396176","644396611","US","UNITED STATES"
"644403836","644403839","UK","UNITED KINGDOM"
"644414884","644414887","CA","CANADA"
"644632640","644632655","US","UNITED STATES"
"644781672","644781679","UK","UNITED KINGDOM"
"644876548","644876551","CA","CANADA"
"644895232","644895487","CA","CANADA"
"644927488","644927999","CA","CANADA"
"645342528","645366399","US","UNITED STATES"
"645539584","645539587","CA","CANADA"
"645552396","645552519","US","UNITED STATES"
"645577168","645577191","CA","CANADA"
"645801472","645801983","US","UNITED STATES"
"687865856","689963007","ZA","SOUTH AFRICA"
"692908032","692910079","BW","BOTSWANA"
"693061632","693065727","ZA","SOUTH AFRICA"
"698056704","698089471","EG","EGYPT"
"701300736","701308927","CM","CAMEROON"
"702300160","702308351","NG","NIGERIA"
"702523392","702524415","GA","GABON"
"711165328","711165343","SG","SINGAPORE"
"772849664","772851711","BG","BULGARIA"
"773007360","773009407","KZ","KAZAKHSTAN"
"773171616","773171647","BE","BELGIUM"
"773668864","773670911","DE","GERMANY"
"773806080","773808127","BE","BELGIUM"
"774058400","774058559","DE","GERMANY"
"774161283","774161292","SE","SWEDEN"
"774162061","774162065","US","UNITED STATES"
"774162914","774162918","FO","FAROE ISLANDS"
"774389760","774406143","BG","BULGARIA"
"775716864","775749631","UK","UNITED KINGDOM"
"778667292","778667295","DE","GERMANY"
"778669584","778669615","FR","FRANCE"
"778672320","778672383","FR","FRANCE"
"778675376","778675439","FR","FRANCE"
"778676636","778676639","DE","GERMANY"
"778678036","778678039","FR","FRANCE"
"778680960","778681023","DE","GERMANY"
"778690816","778690879","ES","SPAIN"
"778692832","778692839","IE","IRELAND"
"778694400","778694415","FR","FRANCE"
"778696212","778696215","DE","GERMANY"
"778698244","778698247","UK","UNITED KINGDOM"
"780674560","780674815","IQ","IRAQ"
"780700672","780700927","PL","POLAND"
"780726784","780727039","ID","INDONESIA"
"782401536","782417919","FR","FRANCE"
"783243264","783245311","CZ","CZECH REPUBLIC"
"784302080","784334847","RU","RUSSIAN FEDERATION"
"786688000","786690047","NL","NETHERLANDS"
"787002640","787003391","CH","SWITZERLAND"
"787516672","787546111","RS","SERBIA"
"788144128","788160511","RU","RUSSIAN FEDERATION"
"788441088","788443135","NL","NETHERLANDS"
"825421824","825425919","NZ","NEW ZEALAND"
"838795264","838860799","AU","AUSTRALIA"
"839110144","839112191","US","UNITED STATES"
"840345184","840345359","US","UNITED STATES"
"840385008","840385015","TH","THAILAND"
"840426744","840426747","HK","HONG KONG"
"840836106","840836106","PK","PAKISTAN"
"840837597","840837597","PK","PAKISTAN"
"840838240","840838271","UK","UNITED KINGDOM"
"840838738","840838747","US","UNITED STATES"
"842541694","842541695","ZA","SOUTH AFRICA"
"842597296","842597297","CZ","CZECH REPUBLIC"
"845239312","845239319","BO","BOLIVIA, PLURINATIONAL STATE OF"
"846441793","846441801","RO","ROMANIA"
"922480592","922480599","PA","PANAMA"
"982757376","982759423","KR","KOREA, REPUBLIC OF"
"1023148032","1023213567","CN","CHINA"
"1024335744","1024335751","US","UNITED STATES"
"1024363680","1024363711","JP","JAPAN"
"1024375520","1024375551","JP","JAPAN"
"1039613952","1039638527","KR","KOREA, REPUBLIC OF"
"1040984192","1040984199","DK","DENMARK"
"1041339160","1041339167","UK","UNITED KINGDOM"
"1041362960","1041362975","UK","UNITED KINGDOM"
"1041700992","1041701071","FR","FRANCE"
"1041707448","1041707463","UK","UNITED KINGDOM"
"1041716448","1041716551","FR","FRANCE"
"1041721776","1041721791","UK","UNITED KINGDOM"
"1041727088","1041727089","UK","UNITED KINGDOM"
"1041737504","1041737519","UK","UNITED KINGDOM"
"1041742088","1041742095","UK","UNITED KINGDOM"
"1041745400","1041745407","UK","UNITED KINGDOM"
"1041753832","1041753839","UK","UNITED KINGDOM"
"1041758408","1041758415","UK","UNITED KINGDOM"
"1042876624","1042876631","UK","UNITED KINGDOM"
"1043356024","1043356031","CH","SWITZERLAND"
"1043469360","1043469375","UK","UNITED KINGDOM"
"1043482672","1043482687","UK","UNITED KINGDOM"
"1043497904","1043497911","FR","FRANCE"
"1043899392","1043899647","CG","CONGO"
"1044019352","1044019379","BE","BELGIUM"
"1044024064","1044024319","BE","BELGIUM"
"1044260096","1044261631","BE","BELGIUM"
"1044625464","1044625471","UK","UNITED KINGDOM"
"1044918288","1044919295","DE","GERMANY"
"1044932976","1044932983","UK","UNITED KINGDOM"
"1044935840","1044935847","UK","UNITED KINGDOM"
"1044938524","1044938527","BE","BELGIUM"
"1045135925","1045135925","BR","BRAZIL"
"1045137546","1045137546","RU","RUSSIAN FEDERATION"
"1045149381","1045149382","DE","GERMANY"
"1045153012","1045153055","DE","GERMANY"
"1045154148","1045154148","DE","GERMANY"
"1045155675","1045155675","CA","CANADA"
"1045159712","1045159715","DE","GERMANY"
"1045159924","1045159925","DE","GERMANY"
"1045167761","1045167761","TR","TURKEY"
"1045167984","1045167986","DE","GERMANY"
"1045461744","1045463039","DE","GERMANY"
"1045889024","1045921791","ES","SPAIN"
"1046347776","1046349839","IT","ITALY"
"1046491432","1046491599","DE","GERMANY"
"1046498080","1046498103","DE","GERMANY"
"1046517040","1046517087","DE","GERMANY"
"1046535620","1046535679","DE","GERMANY"
"1046879264","1046879271","UK","UNITED KINGDOM"
"1047295352","1047295359","HU","HUNGARY"
"1047566880","1047566891","DE","GERMANY"
"1047601152","1047625727","RU","RUSSIAN FEDERATION"
"1048602112","1048602263","PL","POLAND"
"1048971392","1048972719","UK","UNITED KINGDOM"
"1049012227","1049012735","UK","UNITED KINGDOM"
"1049518096","1049559039","FI","FINLAND"
"1049778352","1049778367","DE","GERMANY"
"1050684611","1050702623","FR","FRANCE"
"1051125400","1051125407","NL","NETHERLANDS"
"1051997696","1051997711","UK","UNITED KINGDOM"
"1052010656","1052010751","UK","UNITED KINGDOM"
"1052042312","1052042367","UK","UNITED KINGDOM"
"1052248160","1052249375","DE","GERMANY"
"1052291696","1052291711","CH","SWITZERLAND"
"1052334752","1052334759","NL","NETHERLANDS"
"1052353536","1052354111","DE","GERMANY"
"1052377984","1052378047","UK","UNITED KINGDOM"
"1052405760","1052407519","AT","AUSTRIA"
"1052429760","1052429823","DE","GERMANY"
"1052471008","1052471039","UK","UNITED KINGDOM"
"1052876800","1052884991","NG","NIGERIA"
"1053325312","1053325567","DE","GERMANY"
"1053348640","1053348655","PT","PORTUGAL"
"1053835776","1053837311","UK","UNITED KINGDOM"
"1053894744","1053894751","GE","GEORGIA"
"1054672784","1054672791","UK","UNITED KINGDOM"
"1055218240","1055218271","UK","UNITED KINGDOM"
"1056243712","1056244255","CH","SWITZERLAND"
"1063289952","1063289983","RU","RUSSIAN FEDERATION"
"1065049472","1065049535","CA","CANADA"
"1066829968","1066829983","SG","SINGAPORE"
"1068004608","1068017663","US","UNITED STATES"
"1071309184","1071309215","US","UNITED STATES"
"1071954408","1071954415","BE","BELGIUM"
"1072931200","1072931327","AE","UNITED ARAB EMIRATES"
"1073119598","1073119627","US","UNITED STATES"
"1073126016","1073126271","US","UNITED STATES"
"1073395968","1073395999","BR","BRAZIL"
"1074704384","1074704639","UK","UNITED KINGDOM"
"1074758792","1074758823","CA","CANADA"
"1074760488","1074760519","CA","CANADA"
"1074762828","1074762831","US","UNITED STATES"
"1074764432","1074764435","MD","MOLDOVA, REPUBLIC OF"
"1075482672","1075482967","CA","CANADA"
"1075777392","1075777399","AU","AUSTRALIA"
"1075977240","1075977247","US","UNITED STATES"
"1075998104","1075998143","US","UNITED STATES"
"1076018368","1076024307","US","UNITED STATES"
"1076044128","1076044175","US","UNITED STATES"
"1076193280","1076193535","PK","PAKISTAN"
"1076299584","1076299679","US","UNITED STATES"
"1076302496","1076302511","BD","BANGLADESH"
"1076304688","1076304695","IN","INDIA"
"1076705248","1076705719","US","UNITED STATES"
"1077003728","1077003735","DE","GERMANY"
"1077006960","1077006967","MX","MEXICO"
"1077014112","1077014127","MX","MEXICO"
"1077936190","1077936193","CA","CANADA"
"1077937201","1077937204","UK","UNITED KINGDOM"
"1077938589","1077938592","MX","MEXICO"
"1077939875","1077939911","US","UNITED STATES"
"1077942560","1077942608","US","UNITED STATES"
"1077944014","1077944017","IN","INDIA"
"1078284288","1078284351","US","UNITED STATES"
"1078432888","1078433631","US","UNITED STATES"
"1078782720","1078791215","US","UNITED STATES"
"1078800032","1078800191","US","UNITED STATES"
"1079382528","1079383039","US","UNITED STATES"
"1079418880","1079418887","US","UNITED STATES"
"1079576392","1079576399","US","UNITED STATES"
"1079623840","1079623847","US","UNITED STATES"
"1079627160","1079627167","US","UNITED STATES"
"1080729148","1080729157","CA","CANADA"
"1081368768","1081369119","US","UNITED STATES"
"1081403968","1081404031","US","UNITED STATES"
"1081584488","1081584511","US","UNITED STATES"
"1082345334","1082345335","GR","GREECE"
"1082791936","1082792191","IN","INDIA"
"1085677914","1085677921","CZ","CZECH REPUBLIC"
"1086028288","1086028663","US","UNITED STATES"
"1088518432","1088518479","US","UNITED STATES"
"1089585920","1089585951","CA","CANADA"
"1091683870","1091683889","AU","AUSTRALIA"
"1093052016","1093052023","CA","CANADA"
"1093114752","1093114823","CA","CANADA"
"1093126144","1093126399","CA","CANADA"
"1094549728","1094549737","US","UNITED STATES"
"1094560264","1094560279","US","UNITED STATES"
"1097060464","1097060471","IT","ITALY"
"1097738260","1097738279","US","UNITED STATES"
"1097741352","1097741361","RU","RUSSIAN FEDERATION"
"1097744208","1097744227","US","UNITED STATES"
"1098892032","1098892095","US","UNITED STATES"
"1101798400","1101803519","US","UNITED STATES"
"1102495520","1102495527","AU","AUSTRALIA"
"1106323656","1106323663","AF","AFGHANISTAN"
"1107936768","1107946495","US","UNITED STATES"
"1109246538","1109246538","CA","CANADA"
"1109923296","1109923647","US","UNITED STATES"
"1110459344","1110459391","US","UNITED STATES"
"1112355424","1112357375","US","UNITED STATES"
"1113645778","1113647148","US","UNITED STATES"
"1114520064","1114520319","PH","PHILIPPINES"
"1114581604","1114581613","GR","GREECE"
"1114584872","1114584881","NL","NETHERLANDS"
"1114923568","1114923575","CA","CANADA"
"1115115520","1115116543","HN","HONDURAS"
"1117421568","1117458751","US","UNITED STATES"
"1118131200","1118131279","US","UNITED STATES"
"1118157696","1118157711","NL","NETHERLANDS"
"1118963472","1118963479","NG","NIGERIA"
"1118968288","1118968303","US","UNITED STATES"
"1118979296","1118979327","LB","LEBANON"
"1118984816","1118984839","US","UNITED STATES"
"1119173864","1119173879","MX","MEXICO"
"1119570024","1119570079","US","UNITED STATES"
"1120284672","1120286719","CA","CANADA"
"1120376495","1120376495","US","UNITED STATES"
"1120490240","1120490751","US","UNITED STATES"
"1121232120","1121232127","US","UNITED STATES"
"1121250288","1121250303","AG","ANTIGUA AND BARBUDA"
"1121468912","1121468927","UK","UNITED KINGDOM"
"1121472736","1121472743","LB","LEBANON"
"1121479004","1121479007","IN","INDIA"
"1122093808","1122093815","HK","HONG KONG"
"1123063128","1123063167","CA","CANADA"
"1123651840","1123652095","BB","BARBADOS"
"1125095328","1125096959","US","UNITED STATES"
"1125398375","1125398375","LK","SRI LANKA"
"1125456416","1125456419","CW","CURACAO"
"1125593376","1125594359","US","UNITED STATES"
"1132910112","1132910143","AU","AUSTRALIA"
"1136661920","1136661951","CA","CANADA"
"1136674912","1136674967","US","UNITED STATES"
"1136684992","1136684999","JP","JAPAN"
"1136700480","1136700487","NZ","NEW ZEALAND"
"1136714280","1136714639","US","UNITED STATES"
"1137524768","1137524775","BR","BRAZIL"
"1137526800","1137526807","CA","CANADA"
"1137529128","1137529135","CA","CANADA"
"1137530720","1137530751","BR","BRAZIL"
"1137532312","1137532319","BR","BRAZIL"
"1137533480","1137533487","AR","ARGENTINA"
"1137534416","1137534423","CA","CANADA"
"1137536352","1137536359","CO","COLOMBIA"
"1137538040","1137538319","CA","CANADA"
"1137705952","1137706247","CA","CANADA"
"1137711192","1137711199","NL","NETHERLANDS"
"1137843712","1137843775","NO","NORWAY"
"1137989584","1137989647","CA","CANADA"
"1138165216","1138165223","IL","ISRAEL"
"1138166824","1138166831","CN","CHINA"
"1138451080","1138451103","US","UNITED STATES"
"1138615324","1138655245","US","UNITED STATES"
"1138658180","1138658187","MY","MALAYSIA"
"1138661226","1138661281","US","UNITED STATES"
"1139015712","1139015719","US","UNITED STATES"
"1139028304","1139028311","MY","MALAYSIA"
"1139041072","1139041079","CN","CHINA"
"1139056760","1139056895","US","UNITED STATES"
"1139067632","1139067639","SA","SAUDI ARABIA"
"1145086104","1145086111","DK","DENMARK"
"1145088560","1145088575","US","UNITED STATES"
"1145513352","1145513359","US","UNITED STATES"
"1151889864","1151889871","UK","UNITED KINGDOM"
"1151891496","1151891503","MA","MOROCCO"
"1156300800","1157670431","US","UNITED STATES"
"1158726732","1158726739","CA","CANADA"
"1158951224","1158951231","US","UNITED STATES"
"1158965112","1158965119","US","UNITED STATES"
"1159264384","1159264399","TW","TAIWAN, PROVINCE OF CHINA"
"1159522144","1159522167","US","UNITED STATES"
"1160016904","1160016943","CA","CANADA"
"1160664104","1160664111","NZ","NEW ZEALAND"
"1160690960","1160691011","CA","CANADA"
"1161421312","1161421567","AI","ANGUILLA"
"1161432128","1161432319","NO","NORWAY"
"1161630752","1161630775","US","UNITED STATES"
"1161634120","1161634143","US","UNITED STATES"
"1161650400","1161650687","US","UNITED STATES"
"1161794655","1161794964","US","UNITED STATES"
"1161830755","1161830755","CA","CANADA"
"1161831129","1161831129","CN","CHINA"
"1161831341","1161831341","US","UNITED STATES"
"1161831636","1161831636","BR","BRAZIL"
"1161832105","1161832106","BR","BRAZIL"
"1161832285","1161832285","DE","GERMANY"
"1161832598","1161832598","IN","INDIA"
"1161833959","1161833959","FI","FINLAND"
"1161834751","1161834751","EC","ECUADOR"
"1161834973","1161834973","US","UNITED STATES"
"1161835207","1161835208","US","UNITED STATES"
"1161835411","1161835411","IN","INDIA"
"1161835982","1161835987","US","UNITED STATES"
"1161836457","1161836457","MX","MEXICO"
"1161837383","1161837383","US","UNITED STATES"
"1161838356","1161838358","SK","SLOVAKIA"
"1161838573","1161838574","SK","SLOVAKIA"
"1162470912","1162471423","GD","GRENADA"
"1163397584","1163397663","US","UNITED STATES"
"1163533552","1163533567","PA","PANAMA"
"1163546112","1163546127","US","UNITED STATES"
"1163562112","1163562199","CA","CANADA"
"1163588216","1163588223","US","UNITED STATES"
"1168267840","1168267855","UK","UNITED KINGDOM"
"1168416368","1168416383","UK","UNITED KINGDOM"
"1168961992","1168961999","CA","CANADA"
"1170539468","1170539523","US","UNITED STATES"
"1170543776","1170543783","CN","CHINA"
"1170547264","1170547327","CN","CHINA"
"1170554656","1170554675","US","UNITED STATES"
"1176626608","1176626975","US","UNITED STATES"
"1176684264","1176684367","US","UNITED STATES"
"1176687872","1176687887","US","UNITED STATES"
"1176690448","1176690455","RU","RUSSIAN FEDERATION"
"1176736416","1176736447","GN","GUINEA"
"1176896304","1176896311","IL","ISRAEL"
"1176897360","1176897375","CA","CANADA"
"1176898960","1176898967","US","UNITED STATES"
"1176900016","1176900023","PK","PAKISTAN"
"1176900984","1176900991","RU","RUSSIAN FEDERATION"
"1176902432","1176902463","HK","HONG KONG"
"1176904048","1176904055","US","UNITED STATES"
"1176905480","1176905487","DE","GERMANY"
"1176906512","1176906519","US","UNITED STATES"
"1176907432","1176907439","CA","CANADA"
"1176908384","1176908391","FR","FRANCE"
"1176909576","1176909583","BR","BRAZIL"
"1176910632","1176910647","IN","INDIA"
"1176912256","1176912327","CA","CANADA"
"1176913392","1176913399","IL","ISRAEL"
"1176914648","1176914663","CA","CANADA"
"1176916056","1176916063","SA","SAUDI ARABIA"
"1176917064","1176917067","CA","CANADA"
"1176918184","1176918191","CA","CANADA"
"1176919464","1176919471","PH","PHILIPPINES"
"1176921616","1176921623","EG","EGYPT"
"1176922592","1176922599","BR","BRAZIL"
"1176923648","1176923683","CA","CANADA"
"1176925376","1176925383","BR","BRAZIL"
"1176926376","1176926399","CA","CANADA"
"1191619968","1191630863","US","UNITED STATES"
"1208195488","1208195519","HU","HUNGARY"
"1208205168","1208205199","MY","MALAYSIA"
"1208213104","1208213383","US","UNITED STATES"
"1208518272","1208518287","CN","CHINA"
"1208528898","1208528898","HK","HONG KONG"
"1208530694","1208530694","DE","GERMANY"
"1208587664","1208587671","CN","CHINA"
"1208656128","1208656543","CA","CANADA"
"1208832592","1208832599","US","UNITED STATES"
"1209272592","1209272599","CN","CHINA"
"1209277048","1209277087","US","UNITED STATES"
"1209280815","1209280895","US","UNITED STATES"
"1209823552","1209824335","US","UNITED STATES"
"1210059280","1210059303","US","UNITED STATES"
"1210067418","1210067419","IE","IRELAND"
"1210082992","1210083071","US","UNITED STATES"
"1210093152","1210093191","US","UNITED STATES"
"1210100232","1210100239","CA","CANADA"
"1210115136","1210115143","AU","AUSTRALIA"
"1210862200","1210866435","US","UNITED STATES"
"1211310405","1211310405","IN","INDIA"
"1211597240","1211597247","QA","QATAR"
"1211599504","1211599511","AR","ARGENTINA"
"1211600829","1211600829","US","UNITED STATES"
"1211602368","1211602375","AR","ARGENTINA"
"1211604452","1211604455","US","UNITED STATES"
"1211606560","1211606583","CA","CANADA"
"1211607784","1211607791","AE","UNITED ARAB EMIRATES"
"1211610184","1211610187","CO","COLOMBIA"
"1211611616","1211611631","US","UNITED STATES"
"1224311248","1224311255","CA","CANADA"
"1245702312","1245703871","US","UNITED STATES"
"1247154008","1247154479","US","UNITED STATES"
"1247169288","1247169295","CN","CHINA"
"1247182432","1247182503","US","UNITED STATES"
"1247198080","1247198255","US","UNITED STATES"
"1247482048","1247482063","CA","CANADA"
"1248905840","1248905847","NZ","NEW ZEALAND"
"1249047552","1249059327","US","UNITED STATES"
"1249256650","1249256687","UK","UNITED KINGDOM"
"1249492568","1249492575","US","UNITED STATES"
"1249721680","1249721687","HU","HUNGARY"
"1254950920","1254950927","CA","CANADA"
"1254959400","1254959671","US","UNITED STATES"
"1254968192","1254968295","US","UNITED STATES"
"1254975240","1254975415","US","UNITED STATES"
"1255267264","1255267271","CA","CANADA"
"1264980736","1264980743","CA","CANADA"
"1266563424","1266564735","US","UNITED STATES"
"1266587528","1266587535","UK","UNITED KINGDOM"
"1266607552","1266607559","SE","SWEDEN"
"1275859728","1275859743","PR","PUERTO RICO"
"1275886856","1275886863","IT","ITALY"
"1275901136","1275901143","IL","ISRAEL"
"1279828576","1279828599","US","UNITED STATES"
"1279953088","1279953663","CA","CANADA"
"1279967232","1279967519","CA","CANADA"
"1280043528","1280043535","US","UNITED STATES"
"1280048552","1280048559","US","UNITED STATES"
"1295384576","1295450111","PT","PORTUGAL"
"1296251296","1296251327","BE","BELGIUM"
"1296264048","1296264055","CH","SWITZERLAND"
"1296664576","1296666623","RU","RUSSIAN FEDERATION"
"1296779264","1296781311","CZ","CZECH REPUBLIC"
"1297618432","1297618495","UA","UKRAINE"
"1298079744","1298081791","UK","UNITED KINGDOM"
"1299024864","1299024871","DE","GERMANY"
"1307189248","1307191295","DE","GERMANY"
"1307643904","1307652095","RU","RUSSIAN FEDERATION"
"1307881472","1307885567","IT","ITALY"
"1308088320","1308090367","UA","UKRAINE"
"1310247664","1310247671","CH","SWITZERLAND"
"1310249664","1310249671","GI","GIBRALTAR"
"1311263872","1311263999","FR","FRANCE"
"1311689608","1311689687","DE","GERMANY"
"1315772328","1315772399","UA","UKRAINE"
"1315931648","1315934207","DE","GERMANY"
"1317667000","1317667007","AO","ANGOLA"
"1317668848","1317668855","LR","LIBERIA"
"1317671680","1317671687","LR","LIBERIA"
"1317674456","1317674463","UK","UNITED KINGDOM"
"1317676168","1317676175","ML","MALI"
"1317677944","1317678047","UK","UNITED KINGDOM"
"1317679464","1317679495","UK","UNITED KINGDOM"
"1317680808","1317680815","UK","UNITED KINGDOM"
"1317841568","1317841599","NL","NETHERLANDS"
"1318599920","1318599935","UK","UNITED KINGDOM"
"1329594368","1330642943","UK","UNITED KINGDOM"
"1331938936","1331938943","NG","NIGERIA"
"1334190080","1334198271","BG","BULGARIA"
"1334684512","1334684671","UK","UNITED KINGDOM"
"1336563712","1336567807","NL","NETHERLANDS"
"1336934400","1337458687","IL","ISRAEL"
"1346405056","1346405071","DE","GERMANY"
"1346571340","1346572287","SE","SWEDEN"
"1346899968","1346904063","RU","RUSSIAN FEDERATION"
"1347227136","1347227391","HK","HONG KONG"
"1347294264","1347294267","LS","LESOTHO"
"1347346432","1347350527","BG","BULGARIA"
"1347575808","1347579903","DK","DENMARK"
"1347764224","1347772415","UK","UNITED KINGDOM"
"1347835886","1347835886","MY","MALAYSIA"
"1347836220","1347836295","DE","GERMANY"
"1347837633","1347837633","DE","GERMANY"
"1347978048","1347978055","ZW","ZIMBABWE"
"1347984720","1347984727","NG","NIGERIA"
"1348274792","1348274799","IE","IRELAND"
"1350215704","1350215743","AT","AUSTRIA"
"1350296080","1350296099","AT","AUSTRIA"
"1352150368","1352150695","DE","GERMANY"
"1353268592","1353268607","UK","UNITED KINGDOM"
"1353280072","1353280103","IT","ITALY"
"1353290920","1353290927","FR","FRANCE"
"1353449472","1353515007","PT","PORTUGAL"
"1357185024","1357250559","UK","UNITED KINGDOM"
"1357355264","1357355775","FR","FRANCE"
"1357873152","1357875199","UK","UNITED KINGDOM"
"1357884672","1357884927","FR","FRANCE"
"1357901056","1357901567","UK","UNITED KINGDOM"
"1357989848","1357989887","FR","FRANCE"
"1358223896","1358223903","NL","NETHERLANDS"
"1358397952","1358398463","TZ","TANZANIA, UNITED REPUBLIC OF"
"1358488192","1358488223","UK","UNITED KINGDOM"
"1358669848","1358669855","UK","UNITED KINGDOM"
"1358740672","1358740675","PL","POLAND"
"1358899096","1358899103","CD","CONGO, THE DEMOCRATIC REPUBLIC OF THE"
"1358905088","1358905095","UK","UNITED KINGDOM"
"1359467232","1359467239","DE","GERMANY"
"1360131904","1360131919","US","UNITED STATES"
"1360318464","1360322559","FR","FRANCE"
"1360646144","1360650239","AT","AUSTRIA"
"1361002496","1361003776","UK","UNITED KINGDOM"
"1361036112","1361036119","RO","ROMANIA"
"1361036888","1361036891","UK","UNITED KINGDOM"
"1361037908","1361037911","US","UNITED STATES"
"1362427904","1362755583","FR","FRANCE"
"1364869120","1364873215","FI","FINLAND"
"1365044720","1365044815","LU","LUXEMBOURG"
"1365209088","1365213183","BE","BELGIUM"
"1370188800","1370189055","US","UNITED STATES"
"1372024832","1372025087","ZM","ZAMBIA"
"1372689846","1372691455","DE","GERMANY"
"1382025216","1382033583","SE","SWEDEN"
"1382227456","1382227583","SE","SWEDEN"
"1383211008","1383219199","CY","CYPRUS"
"1383503616","1383503616","CZ","CZECH REPUBLIC"
"1384808976","1384808991","DE","GERMANY"
"1385267200","1385275391","SE","SWEDEN"
"1385578496","1385586687","TR","TURKEY"
"1387251728","1387251751","NL","NETHERLANDS"
"1388688128","1388688159","NL","NETHERLANDS"
"1388794944","1388794959","UK","UNITED KINGDOM"
"1389211136","1389211151","IQ","IRAQ"
"1389266592","1389266599","UK","UNITED KINGDOM"
"1389291008","1389291775","UK","UNITED KINGDOM"
"1389778432","1389780735","RS","SERBIA"
"1398983552","1398983679","NL","NETHERLANDS"
"1401556992","1401563135","UK","UNITED KINGDOM"
"1401712544","1401712575","US","UNITED STATES"
"1401747200","1401747215","IT","ITALY"
"1402018936","1402018939","SE","SWEDEN"
"1402428272","1402428279","FR","FRANCE"
"1403661248","1403661887","DE","GERMANY"
"1404232192","1404232703","NO","NORWAY"
"1406719744","1406719999","UK","UNITED KINGDOM"
"1406976000","1406984191","IE","IRELAND"
"1407517380","1407517383","UK","UNITED KINGDOM"
"1407519872","1407519879","UK","UNITED KINGDOM"
"1407521096","1407521099","MR","MAURITANIA"
"1407523056","1407523063","MU","MAURITIUS"
"1407524336","1407524343","SO","SOMALIA"
"1407525920","1407525927","CD","CONGO, THE DEMOCRATIC REPUBLIC OF THE"
"1407531112","1407531119","SS","SOUTH SUDAN"
"1407533664","1407533687","UK","UNITED KINGDOM"
"1407537032","1407537039","NG","NIGERIA"
"1407538384","1407538391","CM","CAMEROON"
"1407540168","1407540183","UK","UNITED KINGDOM"
"1407542776","1407542791","UK","UNITED KINGDOM"
"1407544584","1407544591","NG","NIGERIA"
"1407547040","1407547047","NG","NIGERIA"
"1407683480","1407686367","UK","UNITED KINGDOM"
"1408335872","1408336879","SE","SWEDEN"
"1410012672","1410013183","DE","GERMANY"
"1410025440","1410025503","DE","GERMANY"
"1410353040","1410353047","NI","NICARAGUA"
"1410588672","1410596863","UK","UNITED KINGDOM"
"1410739487","1410739504","RS","SERBIA"
"1410742964","1410742971","RS","SERBIA"
"1411465728","1411481855","IT","ITALY"
"1412002896","1412002903","SI","SLOVENIA"
"1412806144","1412808703","US","UNITED STATES"
"1422431584","1422431615","DE","GERMANY"
"1422451712","1422451967","IN","INDIA"
"1422474256","1422474263","AT","AUSTRIA"
"1424588984","1424588991","UK","UNITED KINGDOM"
"1424600832","1424601087","BE","BELGIUM"
"1424609560","1424609719","CH","SWITZERLAND"
"1424621568","1424625663","PL","POLAND"
"1425426304","1425426319","IR","IRAN, ISLAMIC REPUBLIC OF"
"1425965953","1425965992","ZA","SOUTH AFRICA"
"1425976353","1425976368","UK","UNITED KINGDOM"
"1426967680","1426968343","UK","UNITED KINGDOM"
"1427705187","1427705187","LT","LITHUANIA"
"1427705562","1427705562","BG","BULGARIA"
"1427705774","1427705774","PT","PORTUGAL"
"1427706598","1427706598","IN","INDIA"
"1427707442","1427707447","DE","GERMANY"
"1427708678","1427708678","AR","ARGENTINA"
"1427708818","1427708818","PH","PHILIPPINES"
"1427712340","1427712349","UA","UKRAINE"
"1427721883","1427721883","PK","PAKISTAN"
"1427723071","1427723391","DE","GERMANY"
"1427726788","1427726788","CA","CANADA"
"1427728832","1427728895","CY","CYPRUS"
"1427730085","1427730085","BG","BULGARIA"
"1427741203","1427741203","TR","TURKEY"
"1427741354","1427741358","DE","GERMANY"
"1427741635","1427741635","CY","CYPRUS"
"1427741841","1427741841","BG","BULGARIA"
"1427742025","1427742025","GR","GREECE"
"1427743168","1427743199","CY","CYPRUS"
"1427749600","1427749631","DE","GERMANY"
"1427759968","1427760031","DE","GERMANY"
"1427765406","1427765406","PK","PAKISTAN"
"1427765809","1427765809","DE","GERMANY"
"1427766227","1427766227","DE","GERMANY"
"1427766510","1427766510","BR","BRAZIL"
"1427766811","1427766811","DE","GERMANY"
"1428142080","1428143119","DE","GERMANY"
"1432043520","1432051711","ES","SPAIN"
"1433411344","1433411375","TR","TURKEY"
"1433851904","1433853951","CH","SWITZERLAND"
"1434691328","1434692863","DE","GERMANY"
"1436471296","1436471551","BE","BELGIUM"
"1438826496","1438842879","FI","FINLAND"
"1439023104","1439039487","IS","ICELAND"
"1441387920","1441387935","FR","FRANCE"
"1441669120","1441677311","GE","GEORGIA"
"1446694624","1446694639","TH","THAILAND"
"1450174464","1450176511","DE","GERMANY"
"1467318272","1467334655","RU","RUSSIAN FEDERATION"
"1474428928","1474461695","LV","LATVIA"
"1475203072","1475205119","SE","SWEDEN"
"1475574784","1475575039","BG","BULGARIA"
"1475734784","1475734791","UA","UKRAINE"
"1475957760","1475958015","AF","AFGHANISTAN"
"1476318208","1476318463","FI","FINLAND"
"1482059812","1482059813","SK","SLOVAKIA"
"1486342144","1486344191","RU","RUSSIAN FEDERATION"
"1489660496","1489660511","ME","MONTENEGRO"
"1489855808","1489855871","US","UNITED STATES"
"1490681856","1490747391","GR","GREECE"
"1494626560","1494626815","RO","ROMANIA"
"1495163456","1495163471","UK","UNITED KINGDOM"
"1495242184","1495242191","IE","IRELAND"
"1500037120","1500045311","DK","DENMARK"
"1500190608","1500190623","UK","UNITED KINGDOM"
"1502702836","1502702839","IE","IRELAND"
"1503000320","1503000831","DE","GERMANY"
"1503899008","1503899015","CH","SWITZERLAND"
"1504171264","1504171775","UK","UNITED KINGDOM"
"1505331744","1505331823","UK","UNITED KINGDOM"
"1505458520","1505458527","US","UNITED STATES"
"1506422688","1506422703","CA","CANADA"
"1506442656","1506442703","DE","GERMANY"
"1506451800","1506451871","ES","SPAIN"
"1506464920","1506465247","NL","NETHERLANDS"
"1506793472","1506795519","RU","RUSSIAN FEDERATION"
"1508589568","1508605951","IR","IRAN, ISLAMIC REPUBLIC OF"
"1509490688","1509494783","DK","DENMARK"
"1512801536","1512802047","MQ","MARTINIQUE"
"1518641152","1518649343","NL","NETHERLANDS"
"1519928192","1519928199","SE","SWEDEN"
"1520139656","1520139687","UK","UNITED KINGDOM"
"1533482752","1533483007","UK","UNITED KINGDOM"
"1533877504","1533877567","GR","GREECE"
"1534714784","1534714799","PL","POLAND"
"1534716480","1534716511","ES","SPAIN"
"1534717992","1534717995","FI","FINLAND"
"1534719788","1534719791","PT","PORTUGAL"
"1534721472","1534721491","UK","UNITED KINGDOM"
"1535623168","1535627263","KZ","KAZAKHSTAN"
"1536376832","1536393215","KZ","KAZAKHSTAN"
"1538963279","1538963280","DE","GERMANY"
"1539235840","1539237887","DE","GERMANY"
"1539410944","1539411967","RU","RUSSIAN FEDERATION"
"1539494400","1539494911","PL","POLAND"
"1539553280","1539553791","UA","UKRAINE"
"1539664896","1539665919","BE","BELGIUM"
"1539724544","1539724799","RU","RUSSIAN FEDERATION"
"1539753472","1539753727","HU","HUNGARY"
"1539783680","1539783935","DE","GERMANY"
"1539813888","1539814399","RU","RUSSIAN FEDERATION"
"1539876864","1539877887","ES","SPAIN"
"1540011008","1540014079","RU","RUSSIAN FEDERATION"
"1540145152","1540146175","AT","AUSTRIA"
"1540249088","1540249599","PL","POLAND"
"1540308992","1540309503","PL","POLAND"
"1540366336","1540366591","PL","POLAND"
"1540394752","1540395007","DK","DENMARK"
"1540425472","1540425727","NL","NETHERLANDS"
"1540457216","1540457471","GE","GEORGIA"
"1540488960","1540489215","RO","ROMANIA"
"1540621312","1540621567","BA","BOSNIA AND HERZEGOVINA"
"1540651776","1540652031","RU","RUSSIAN FEDERATION"
"1540681728","1540681983","TR","TURKEY"
"1540708864","1540709119","FR","FRANCE"
"1540738560","1540738815","PL","POLAND"
"1540824064","1540825087","RU","RUSSIAN FEDERATION"
"1540898560","1540898815","ES","SPAIN"
"1540927744","1540927999","RO","ROMANIA"
"1540964352","1540964863","IR","IRAN, ISLAMIC REPUBLIC OF"
"1541001472","1541001727","SE","SWEDEN"
"1541088256","1541089279","RU","RUSSIAN FEDERATION"
"1541159680","1541159935","LT","LITHUANIA"
"1541186560","1541186815","PL","POLAND"
"1541221888","1541222399","CZ","CZECH REPUBLIC"
"1541275648","1541276671","UA","UKRAINE"
"1541353984","1541354239","RO","ROMANIA"
"1541381632","1541381887","RO","ROMANIA"
"1541410816","1541411327","UA","UKRAINE"
"1541475328","1541476351","RO","ROMANIA"
"1541577728","1541578751","AT","AUSTRIA"
"1541634560","1541635071","PL","POLAND"
"1541697536","1541698047","PL","POLAND"
"1541752832","1541753087","SI","SLOVENIA"
"1541808384","1541809151","NL","NETHERLANDS"
"1541861120","1541861375","DK","DENMARK"
"1541919744","1541919999","DK","DENMARK"
"1541981952","1541982207","UA","UKRAINE"
"1542040576","1542041087","UA","UKRAINE"
"1542109696","1542110207","PL","POLAND"
"1542166528","1542167551","PL","POLAND"
"1542224640","1542224895","DK","DENMARK"
"1542281728","1542281983","SE","SWEDEN"
"1542345472","1542345727","MD","MOLDOVA, REPUBLIC OF"
"1542400000","1542401535","RU","RUSSIAN FEDERATION"
"1542451968","1542452223","SI","SLOVENIA"
"1542507008","1542507263","RU","RUSSIAN FEDERATION"
"1542642432","1542642687","RU","RUSSIAN FEDERATION"
"1542856704","1542864895","UA","UKRAINE"
"1546121988","1546122463","FR","FRANCE"
"1546665984","1546673823","UK","UNITED KINGDOM"
"1547583488","1547587583","KG","KYRGYZSTAN"
"1547623048","1547623071","NG","NIGERIA"
"1548746752","1549271039","RO","ROMANIA"
"1554049792","1554051583","RE","REUNION"
"1566081024","1566085119","RU","RUSSIAN FEDERATION"
"1566386176","1566388223","FR","FRANCE"
"1566412800","1566414847","JO","JORDAN"
"1566774016","1566793215","CZ","CZECH REPUBLIC"
"1568295792","1568295799","UK","UNITED KINGDOM"
"1570660624","1570660639","FR","FRANCE"
"1570667652","1570667711","SE","SWEDEN"
"1571476480","1571477503","RU","RUSSIAN FEDERATION"
"1571790848","1571794943","PL","POLAND"
"1572470784","1572474879","DE","GERMANY"
"1572599808","1572601855","DE","GERMANY"
"1572753408","1572755455","NO","NORWAY"
"1578590480","1578590495","FR","FRANCE"
"1578592068","1578592071","FR","FRANCE"
"1578593840","1578593887","FR","FRANCE"
"1578595384","1578595407","FR","FRANCE"
"1578610832","1578610847","FR","FRANCE"
"1578613248","1578613375","FR","FRANCE"
"1579122688","1579155455","RU","RUSSIAN FEDERATION"
"1583718115","1583718115","IT","ITALY"
"1583815728","1583815807","NL","NETHERLANDS"
"1585266272","1585266287","MA","MOROCCO"
"1585840128","1585971199","DE","GERMANY"
"1586415616","1586416255","ES","SPAIN"
"1588621312","1588625407","MD","MOLDOVA, REPUBLIC OF"
"1590133759","1590138879","UK","UNITED KINGDOM"
"1592217600","1592221695","CH","SWITZERLAND"
"1593253888","1593255935","CZ","CZECH REPUBLIC"
"1596962816","1596963327","AM","ARMENIA"
"1600959232","1600959487","UA","UKRAINE"
"1602351104","1602353151","CZ","CZECH REPUBLIC"
"1602484224","1602486271","UK","UNITED KINGDOM"
"1603159824","1603159871","CH","SWITZERLAND"
"1603227940","1603227947","CH","SWITZERLAND"
"1604887040","1604887295","UK","UNITED KINGDOM"
"1605114296","1605114303","IT","ITALY"
"1607575552","1607577599","UK","UNITED KINGDOM"
"1608384512","1608515583","DE","GERMANY"
"1613548992","1613549039","CA","CANADA"
"1632358656","1632358695","CA","CANADA"
"1652634432","1652634647","US","UNITED STATES"
"1652647656","1652647823","US","UNITED STATES"
"1652658728","1652658735","IN","INDIA"
"1652674328","1652674335","UK","UNITED KINGDOM"
"1673563696","1673563711","UK","UNITED KINGDOM"
"1680534936","1680534975","US","UNITED STATES"
"1701736448","1701737471","NZ","NEW ZEALAND"
"1728219136","1728220159","JP","JAPAN"
"1728343152","1728343183","BD","BANGLADESH"
"1728420864","1728421887","NZ","NEW ZEALAND"
"1728509952","1728510975","PH","PHILIPPINES"
"1728603136","1728604159","KR","KOREA, REPUBLIC OF"
"1728705536","1728706559","HK","HONG KONG"
"1728798720","1728799743","ID","INDONESIA"
"1728888832","1728889855","IN","INDIA"
"1728982784","1728985087","AU","AUSTRALIA"
"1729073152","1729074175","TH","THAILAND"
"1729166660","1729166663","HK","HONG KONG"
"1729260544","1729261567","AU","AUSTRALIA"
"1729361920","1729362943","IN","INDIA"
"1729448960","1729449983","IN","INDIA"
"1729588224","1729589247","TW","TAIWAN, PROVINCE OF CHINA"
"1729676288","1729677311","AU","AUSTRALIA"
"1729779712","1729780735","AU","AUSTRALIA"
"1729878016","1729879039","NZ","NEW ZEALAND"
"1729969152","1729970175","LK","SRI LANKA"
"1730067456","1730068479","BD","BANGLADESH"
"1742743552","1742745599","CN","CHINA"
"1743879168","1743881215","JP","JAPAN"
"1743995904","1743997951","IN","INDIA"
"1744102400","1744103423","FJ","FIJI"
"1744202240","1744202495","IN","INDIA"
"1744292864","1744293887","SG","SINGAPORE"
"1744387072","1744388095","NZ","NEW ZEALAND"
"1744494592","1744495615","CN","CHINA"
"1744603136","1744604159","JP","JAPAN"
"1744705536","1744705791","AU","AUSTRALIA"
"1744808448","1744808959","MY","MALAYSIA"
"1795557136","1795557143","CA","CANADA"
"1804932416","1804932479","US","UNITED STATES"
"1804979968","1804980223","US","UNITED STATES"
"1815808734","1815808737","US","UNITED STATES"
"1816075040","1816075151","CA","CANADA"
"1822657744","1822657751","CA","CANADA"
"1822658664","1822658671","AR","ARGENTINA"
"1822659624","1822659631","US","UNITED STATES"
"1822660928","1822660935","BR","BRAZIL"
"1822662816","1822662823","US","UNITED STATES"
"1822663688","1822663695","BO","BOLIVIA, PLURINATIONAL STATE OF"
"1822664680","1822664695","CA","CANADA"
"1822665672","1822665679","IN","INDIA"
"1822666600","1822666607","CA","CANADA"
"1822667584","1822667591","BR","BRAZIL"
"1822668488","1822668495","IN","INDIA"
"1822820572","1822820641","US","UNITED STATES"
"1822874112","1822874175","UK","UNITED KINGDOM"
"1823083592","1823083823","US","UNITED STATES"
"1823421312","1823421455","US","UNITED STATES"
"1824163584","1824163647","CN","CHINA"
"1833238528","1833240575","AL","ALBANIA"
"1833359080","1833359083","UK","UNITED KINGDOM"
"1833542685","1833542687","IN","INDIA"
"1833660352","1833660415","US","UNITED STATES"
"1835712512","1835720703","RU","RUSSIAN FEDERATION"
"1835923872","1835923967","UK","UNITED KINGDOM"
"1839460352","1839462399","RU","RUSSIAN FEDERATION"
"1841680384","1841682431","LV","LATVIA"
"1842154048","1842154055","NO","NORWAY"
"1843841792","1843842047","AU","AUSTRALIA"
"1844077696","1844077727","IE","IRELAND"
"1844191232","1844199423","AL","ALBANIA"
"1845428224","1845493759","IE","IRELAND"
"1851541504","1851542527","ID","INDONESIA"
"1867776000","1867841535","TH","THAILAND"
"1877711872","1877721087","CN","CHINA"
"1896480768","1896497151","KR","KOREA, REPUBLIC OF"
"1897789440","1897790463","KH","CAMBODIA"
"1909760000","1909762047","ID","INDONESIA"
"1921060864","1921062911","ID","INDONESIA"
"1933770752","1933836287","TH","THAILAND"
"1941069824","1941071871","IN","INDIA"
"1950089216","1950351359","CN","CHINA"
"1959067648","1959100415","MY","MALAYSIA"
"1964179456","1964244991","TW","TAIWAN, PROVINCE OF CHINA"
"1970808832","1970810879","AU","AUSTRALIA"
"1988886528","1989148671","HK","HONG KONG"
"1998272064","1998272255","SG","SINGAPORE"
"2001453056","2001457151","SG","SINGAPORE"
"2001920000","2001926143","ID","INDONESIA"
"2015219824","2015219839","HK","HONG KONG"
"2022188240","2022188255","US","UNITED STATES"
"2033328128","2033330175","ID","INDONESIA"
"2043674624","2044723199","AU","AUSTRALIA"
"2050128932","2050128935","SG","SINGAPORE"
"2056815392","2056815407","HK","HONG KONG"
"2056823392","2056823487","JP","JAPAN"
"2060003584","2060004351","AU","AUSTRALIA"
"2063487808","2063488511","MN","MONGOLIA"
"2070732800","2070734847","IN","INDIA"
"2081292288","2081554431","CN","CHINA"
"2090582016","2090590207","SG","SINGAPORE"
"2101234688","2101239807","AU","AUSTRALIA"
"2113685984","2113686079","JP","JAPAN"
"2147942400","2148007935","DE","GERMANY"
"2159017984","2159083519","DE","GERMANY"
"2165440512","2165506047","-","-"
"2181046272","2181054463","UA","UKRAINE"
"2188708872","2188708911","DE","GERMANY"
"2188720280","2188720639","US","UNITED STATES"
"2188738560","2188740607","US","UNITED STATES"
"2188766464","2188766719","US","UNITED STATES"
"2192867328","2192883711","SY","SYRIAN ARAB REPUBLIC"
"2196045824","2196111359","SE","SWEDEN"
"2208366592","2208432127","-","-"
"2226126848","2226192383","DE","GERMANY"
"2250957056","2250957311","SG","SINGAPORE"
"2258595072","2258595103","AU","AUSTRALIA"
"2258606456","2258606479","HK","HONG KONG"
"2262630400","2262761471","NL","NETHERLANDS"
"2302738432","2302935039","US","UNITED STATES"
"2309954928","2309955071","US","UNITED STATES"
"2317877248","2317942783","UK","UNITED KINGDOM"
"2330460160","2330525695","AT","AUSTRIA"
"2340093952","2340159487","FI","FINLAND"
"2355691520","2355757055","IT","ITALY"
"2366149520","2366149527","BG","BULGARIA"
"2372512257","2372512510","BA","BOSNIA AND HERZEGOVINA"
"2374959104","2375024639","BE","BELGIUM"
"2382340096","2382342143","CH","SWITZERLAND"
"2382676384","2382676415","US","UNITED STATES"
"2389245952","2389311487","US","UNITED STATES"
"2413625344","2413690879","JP","JAPAN"
"2421489664","2421555199","CH","SWITZERLAND"
"2448293888","2448359423","FR","FRANCE"
"2453856688","2453858303","DE","GERMANY"
"2461007872","2461138943","UK","UNITED KINGDOM"
"2465692432","2465692671","IT","ITALY"
"2471428096","2471690239","US","UNITED STATES"
"2482700288","2482765823","CZ","CZECH REPUBLIC"
"2500133120","2500133375","NL","NETHERLANDS"
"2500176040","2500176063","US","UNITED STATES"
"2500199440","2500199447","IE","IRELAND"
"2500201156","2500201239","UK","UNITED KINGDOM"
"2500206608","2500206611","CA","CANADA"
"2500209256","2500209259","ZA","SOUTH AFRICA"
"2500213300","2500213311","FI","FINLAND"
"2500219196","2500219199","ES","SPAIN"
"2500226576","2500226583","NL","NETHERLANDS"
"2500230168","2500230223","UK","UNITED KINGDOM"
"2500231764","2500231775","US","UNITED STATES"
"2500233912","2500233919","US","UNITED STATES"
"2500235344","2500235351","CA","CANADA"
"2500236444","2500236447","US","UNITED STATES"
"2500237384","2500237391","IT","ITALY"
"2500239584","2500239591","US","UNITED STATES"
"2500240920","2500240923","US","UNITED STATES"
"2500243468","2500243503","CH","SWITZERLAND"
"2500246028","2500246031","US","UNITED STATES"
"2500273176","2500273327","UK","UNITED KINGDOM"
"2500325632","2500325887","CZ","CZECH REPUBLIC"
"2500531396","2500531399","DE","GERMANY"
"2500536836","2500536847","CA","CANADA"
"2500544532","2500544535","CA","CANADA"
"2500557340","2500557823","US","UNITED STATES"
"2500636704","2500636863","UK","UNITED KINGDOM"
"2500724808","2500724811","UK","UNITED KINGDOM"
"2508077056","2508079103","BE","BELGIUM"
"2516529280","2516529343","FR","FRANCE"
"2541682688","2541692927","PL","POLAND"
"2549612880","2549612927","SE","SWEDEN"
"2549881056","2549881071","FI","FINLAND"
"2555641856","2555707391","BR","BRAZIL"
"2583697408","2583699455","CI","COTE D'IVOIRE"
"2586665472","2586691839","US","UNITED STATES"
"2586951936","2586968063","US","UNITED STATES"
"2587962368","2587964415","SS","SOUTH SUDAN"
"2609512448","2609643519","US","UNITED STATES"
"2621374464","2621636607","US","UNITED STATES"
"2644508672","2644574207","US","UNITED STATES"
"2656829440","2656894975","SE","SWEDEN"
"2667517952","2667519999","SK","SLOVAKIA"
"2670592000","2670657535","NL","NETHERLANDS"
"2678902016","2678902271","SG","SINGAPORE"
"2684190952","2684190959","BD","BANGLADESH"
"2684192248","2684192263","US","UNITED STATES"
"2684193022","2684193023","UK","UNITED KINGDOM"
"2684193928","2684193931","AT","AUSTRIA"
"2684194904","2684194907","TR","TURKEY"
"2684195865","2684195865","NL","NETHERLANDS"
"2684196613","2684196613","IN","INDIA"
"2684197023","2684197023","JO","JORDAN"
"2684213616","2684213631","NO","NORWAY"
"2684339104","2684339199","NL","NETHERLANDS"
"2690449408","2690646015","US","UNITED STATES"
"2703818752","2703884287","FI","FINLAND"
"2717450240","2717646847","US","UNITED STATES"
"2731617652","2731617903","US","UNITED STATES"
"2731718656","2731721279","US","UNITED STATES"
"2731801600","2731804671","US","UNITED STATES"
"2732103840","2732103871","NZ","NEW ZEALAND"
"2732310528","2732320767","US","UNITED STATES"
"2733815552","2733815627","US","UNITED STATES"
"2734224528","2734224543","BR","BRAZIL"
"2735144960","2735210495","NZ","NEW ZEALAND"
"2752315392","2752380927","FI","FINLAND"
"2760704000","2760769535","FI","FINLAND"
"2778333184","2778398719","CA","CANADA"
"2780945376","2780945663","US","UNITED STATES"
"2788253192","2788254479","US","UNITED STATES"
"2789151144","2789151151","MX","MEXICO"
"2790153760","2790153767","CA","CANADA"
"2790391808","2790410495","US","UNITED STATES"
"2815987272","2815987327","US","UNITED STATES"
"2831548416","2831613951","AU","AUSTRALIA"
"2867331072","2867396607","US","UNITED STATES"
"2871101440","2871103487","CZ","CZECH REPUBLIC"
"2902473029","2902473031","IN","INDIA"
"2905391616","2905391647","PA","PANAMA"
"2905406236","2905407743","US","UNITED STATES"
"2915065124","2915065125","LV","LATVIA"
"2915097528","2915097535","UA","UKRAINE"
"2915146800","2915146807","UY","URUGUAY"
"2915766448","2915766463","UK","UNITED KINGDOM"
"2915799048","2915799055","ES","SPAIN"
"2915807952","2915807959","CA","CANADA"
"2916170872","2916170879","CA","CANADA"
"2916437056","2916437199","US","UNITED STATES"
"2917168456","2917168458","MD","MOLDOVA, REPUBLIC OF"
"2917170295","2917170300","US","UNITED STATES"
"2917171042","2917171044","US","UNITED STATES"
"2917652864","2917653247","US","UNITED STATES"
"2917700960","2917700967","CN","CHINA"
"2917853472","2917853487","CA","CANADA"
"2918406464","2918406495","US","UNITED STATES"
"2919010304","2919010815","CA","CANADA"
"2919068360","2919068367","CM","CAMEROON"
"2919069480","2919069487","CN","CHINA"
"2919070616","2919070631","US","UNITED STATES"
"2919171184","2919171191","ZA","SOUTH AFRICA"
"2921600264","2921600319","US","UNITED STATES"
"2921638416","2921639903","US","UNITED STATES"
"2921654348","2921654351","BR","BRAZIL"
"2921682256","2921684319","US","UNITED STATES"
"2921720256","2921720639","US","UNITED STATES"
"2928175832","2928175839","BE","BELGIUM"
"2928266120","2928266175","CA","CANADA"
"2928274360","2928274367","CA","CANADA"
"2928278736","2928278759","CA","CANADA"
"2928542632","2928542639","MX","MEXICO"
"2928543664","2928543671","GR","GREECE"
"2928544704","2928544711","AE","UNITED ARAB EMIRATES"
"2928545704","2928545711","TR","TURKEY"
"2928546824","2928546831","PK","PAKISTAN"
"2928548072","2928548079","BR","BRAZIL"
"2928549816","2928549823","CA","CANADA"
"2928551272","2928551279","CO","COLOMBIA"
"2928552752","2928552759","MU","MAURITIUS"
"2928554024","2928554031","QA","QATAR"
"2928555088","2928555095","CA","CANADA"
"2928556248","2928556255","BR","BRAZIL"
"2928557984","2928557999","CA","CANADA"
"2928559032","2928559055","CA","CANADA"
"2928560232","2928560239","US","UNITED STATES"
"2928561376","2928561383","US","UNITED STATES"
"2928562312","2928562319","BR","BRAZIL"
"2928563736","2928563751","MA","MOROCCO"
"2928565312","2928565319","US","UNITED STATES"
"2928566320","2928566335","CA","CANADA"
"2928567496","2928567503","IN","INDIA"
"2928569040","2928569047","US","UNITED STATES"
"2928570104","2928570111","CA","CANADA"
"2928574992","2928574999","CA","CANADA"
"2928575920","2928575927","CA","CANADA"
"2928577064","2928577071","CA","CANADA"
"2928578536","2928578543","US","UNITED STATES"
"2928579584","2928579599","CA","CANADA"
"2928580576","2928580583","CA","CANADA"
"2928581504","2928581511","YE","YEMEN"
"2928582464","2928582471","SE","SWEDEN"
"2928583440","2928583447","CA","CANADA"
"2928584448","2928584471","CA","CANADA"
"2928585520","2928585527","PT","PORTUGAL"
"2928586520","2928586527","DE","GERMANY"
"2928587672","2928587687","US","UNITED STATES"
"2928591424","2928591431","US","UNITED STATES"
"2928594968","2928594975","BR","BRAZIL"
"2928595984","2928595999","BR","BRAZIL"
"2928597184","2928597191","IN","INDIA"
"2928599336","2928599343","CH","SWITZERLAND"
"2928600544","2928600551","CA","CANADA"
"2928601912","2928601919","IL","ISRAEL"
"2928603120","2928603127","BG","BULGARIA"
"2928604784","2928604791","CN","CHINA"
"2928620192","2928620231","US","UNITED STATES"
"2928629616","2928629655","US","UNITED STATES"
"2928636656","2928636663","NZ","NEW ZEALAND"
"2937850880","2937851903","MY","MALAYSIA"
"2947602432","2947603455","NZ","NEW ZEALAND"
"2953503584","2953510911","SE","SWEDEN"
"2954823104","2954823215","FR","FRANCE"
"2954825104","2954825119","DE","GERMANY"
"2954827296","2954827327","DE","GERMANY"
"2954830088","2954830099","FR","FRANCE"
"2954832848","2954832851","IT","ITALY"
"2954834072","2954834079","FR","FRANCE"
"2954835552","2954835607","FR","FRANCE"
"2954837760","2954837775","UK","UNITED KINGDOM"
"2954839216","2954839235","FR","FRANCE"
"2954841240","2954841247","FR","FRANCE"
"2954842668","2954842671","IE","IRELAND"
"2954844268","2954844271","FR","FRANCE"
"2954854784","2954854815","IT","ITALY"
"2954856628","2954856631","FR","FRANCE"
"2954858824","2954858827","ES","SPAIN"
"2954860532","2954860535","PL","POLAND"
"2954862416","2954862423","FR","FRANCE"
"2954873464","2954873471","FR","FRANCE"
"2954875232","2954875247","UK","UNITED KINGDOM"
"2954877024","2954877035","FR","FRANCE"
"2954941968","2954942051","DE","GERMANY"
"2956589056","2956593151","UK","UNITED KINGDOM"
"2957109241","2957109247","AT","AUSTRIA"
"2957202624","2957202627","AT","AUSTRIA"
"2957654016","2957656063","DE","GERMANY"
"2959360000","2959384575","RU","RUSSIAN FEDERATION"
"2959929344","2959935487","RU","RUSSIAN FEDERATION"
"2960472064","2960474111","NL","NETHERLANDS"
"2960943104","2960945151","RO","ROMANIA"
"2967707648","2967709695","PL","POLAND"
"2987466752","2987470847","UK","UNITED KINGDOM"
"2987681792","2987682815","NO","NORWAY"
"2987870208","2987872255","GR","GREECE"
"2988443024","2988443027","CZ","CZECH REPUBLIC"
"2988446296","2988446299","UK","UNITED KINGDOM"
"2988458760","2988458763","NL","NETHERLANDS"
"2988460416","2988460543","FR","FRANCE"
"2988462176","2988462199","FR","FRANCE"
"2988464296","2988464299","IT","ITALY"
"2988478648","2988478655","BE","BELGIUM"
"2988480288","2988480383","FR","FRANCE"
"2988482448","2988482455","CZ","CZECH REPUBLIC"
"2988483728","2988483735","FR","FRANCE"
"2988485676","2988485679","NL","NETHERLANDS"
"2988486748","2988486751","UK","UNITED KINGDOM"
"2988489448","2988489475","FR","FRANCE"
"2988499488","2988499503","DE","GERMANY"
"2988501360","2988501383","FR","FRANCE"
"2988503904","2988503907","PL","POLAND"
"2988505476","2988505479","NL","NETHERLANDS"
"2988507152","2988507155","ES","SPAIN"
"2988508256","2988508259","BE","BELGIUM"
"2988509864","2988509871","NL","NETHERLANDS"
"2988511748","2988511751","UK","UNITED KINGDOM"
"2988513008","2988513015","IT","ITALY"
"2988514684","2988514687","DE","GERMANY"
"2988524816","2988524831","UK","UNITED KINGDOM"
"2988527432","2988527439","IT","ITALY"
"2988528944","2988528959","PL","POLAND"
"2988530312","2988530319","CH","SWITZERLAND"
"2988540416","2988540427","PL","POLAND"
"2988541696","2988541727","PL","POLAND"
"2988543320","2988543323","FI","FINLAND"
"2988544988","2988544991","IE","IRELAND"
"2988546572","2988546575","DE","GERMANY"
"2988547712","2988547751","FR","FRANCE"
"2988551456","2988551471","UK","UNITED KINGDOM"
"2988553536","2988553551","UK","UNITED KINGDOM"
"2988555712","2988555735","FR","FRANCE"
"2988557496","2988557499","DE","GERMANY"
"2988560388","2988560391","ES","SPAIN"
"2988561904","2988561919","IE","IRELAND"
"2989555712","2989621247","RU","RUSSIAN FEDERATION"
"2991188032","2991188047","DK","DENMARK"
"2991191648","2991191651","FR","FRANCE"
"2996500480","2996501759","NL","NETHERLANDS"
"2997019712","2997019903","US","UNITED STATES"
"2997753600","2997753727","TH","THAILAND"
"3000289280","3000291327","RO","ROMANIA"
"3000664064","3000668159","RO","ROMANIA"
"3001868856","3001868859","KR","KOREA, REPUBLIC OF"
"3001962496","3001963263","UK","UNITED KINGDOM"
"3002707968","3002710015","KW","KUWAIT"
"3002974208","3002990591","RS","SERBIA"
"3003129856","3003138303","CR","COSTA RICA"
"3007091712","3007092223","RU","RUSSIAN FEDERATION"
"3010162687","3010174975","-","-"
"3025618944","3025619455","SG","SINGAPORE"
"3025639680","3025639807","HK","HONG KONG"
"3029600256","3029601279","AU","AUSTRALIA"
"3033759744","3033792511","BD","BANGLADESH"
"3037696576","3037696583","US","UNITED STATES"
"3044450304","3044454399","CL","CHILE"
"3051395072","3051395583","NL","NETHERLANDS"
"3057052160","3057052415","US","UNITED STATES"
"3075386368","3075388415","AU","AUSTRALIA"
"3088888832","3088889343","NL","NETHERLANDS"
"3093954976","3093954983","AU","AUSTRALIA"
"3093965844","3093965845","IL","ISRAEL"
"3094023072","3094023079","US","UNITED STATES"
"3094024320","3094024327","AZ","AZERBAIJAN"
"3094025432","3094025439","CA","CANADA"
"3094027112","3094027119","CY","CYPRUS"
"3094028304","3094028327","CA","CANADA"
"3094030984","3094030991","US","UNITED STATES"
"3094032000","3094032047","US","UNITED STATES"
"3094033232","3094033239","CA","CANADA"
"3094034120","3094034127","US","UNITED STATES"
"3094035936","3094035943","UK","UNITED KINGDOM"
"3094037344","3094037351","UK","UNITED KINGDOM"
"3094038336","3094038351","CA","CANADA"
"3094039892","3094039895","UK","UNITED KINGDOM"
"3094042496","3094042503","RO","ROMANIA"
"3094045008","3094045023","DE","GERMANY"
"3094046912","3094046919","BR","BRAZIL"
"3094050280","3094050287","SA","SAUDI ARABIA"
"3094053896","3094053903","CA","CANADA"
"3094054832","3094054839","CA","CANADA"
"3094055744","3094055751","US","UNITED STATES"
"3094056736","3094056775","CA","CANADA"
"3094057736","3094057751","UK","UNITED KINGDOM"
"3094058760","3094058767","AR","ARGENTINA"
"3094059744","3094059751","CA","CANADA"
"3094060712","3094060719","IN","INDIA"
"3094061712","3094061719","IN","INDIA"
"3094062656","3094062663","CA","CANADA"
"3094063608","3094063615","AR","ARGENTINA"
"3094064688","3094064695","US","UNITED STATES"
"3094065768","3094065783","CA","CANADA"
"3094066840","3094066847","US","UNITED STATES"
"3094067816","3094067823","TR","TURKEY"
"3094068864","3094068871","BN","BRUNEI DARUSSALAM"
"3094069856","3094069863","TR","TURKEY"
"3094070872","3094070887","CA","CANADA"
"3094071792","3094071799","CA","CANADA"
"3094072728","3094072735","US","UNITED STATES"
"3094073672","3094073679","CA","CANADA"
"3094074568","3094074575","CA","CANADA"
"3094075528","3094075535","CA","CANADA"
"3094076480","3094076487","BR","BRAZIL"
"3094077520","3094077527","CO","COLOMBIA"
"3094078528","3094078535","UZ","UZBEKISTAN"
"3094079448","3094079455","PH","PHILIPPINES"
"3094080440","3094080447","TR","TURKEY"
"3098276131","3098276708","US","UNITED STATES"
"3098327296","3098331151","US","UNITED STATES"
"3098389136","3098390183","US","UNITED STATES"
"3098507368","3098507379","CA","CANADA"
"3103975424","3103976447","SA","SAUDI ARABIA"
"3104079020","3104079031","LU","LUXEMBOURG"
"3104157696","3104158719","TR","TURKEY"
"3104259072","3104260095","NO","NORWAY"
"3104336288","3104336319","BZ","BELIZE"
"3104424960","3104425983","KW","KUWAIT"
"3104528384","3104529407","IR","IRAN, ISLAMIC REPUBLIC OF"
"3104610016","3104610047","NL","NETHERLANDS"
"3104653312","3104654335","FR","FRANCE"
"3104744448","3104745471","UK","UNITED KINGDOM"
"3104848896","3104849919","DE","GERMANY"
"3104947200","3104948223","RS","SERBIA"
"3105040384","3105041407","UK","UNITED KINGDOM"
"3105142784","3105143807","NL","NETHERLANDS"
"3105240832","3105240895","MN","MONGOLIA"
"3105347584","3105348607","DK","DENMARK"
"3105436096","3105436103","US","UNITED STATES"
"3105506304","3105507327","TR","TURKEY"
"3105612800","3105613823","US","UNITED STATES"
"3105702912","3105703935","ES","SPAIN"
"3105801216","3105802239","ES","SPAIN"
"3105895424","3105896447","UK","UNITED KINGDOM"
"3105988608","3105989631","RU","RUSSIAN FEDERATION"
"3106082816","3106083839","KZ","KAZAKHSTAN"
"3106188288","3106189311","RU","RUSSIAN FEDERATION"
"3106295808","3106296831","UK","UNITED KINGDOM"
"3106397184","3106398207","DE","GERMANY"
"3106505728","3106506751","CH","SWITZERLAND"
"3106617344","3106618367","BG","BULGARIA"
"3106725888","3106726911","NL","NETHERLANDS"
"3124850688","3124854783","HN","HONDURAS"
"3131310080","3131572223","VE","VENEZUELA, BOLIVARIAN REPUBLIC OF"
"3158335488","3158337535","IL","ISRAEL"
"3158884608","3158884863","BE","BELGIUM"
"3159031808","3159048191","RU","RUSSIAN FEDERATION"
"3160330240","3160332287","RU","RUSSIAN FEDERATION"
"3162087424","3162095615","SK","SLOVAKIA"
"3162700328","3162700331","BR","BRAZIL"
"3163163136","3163163136","KZ","KAZAKHSTAN"
"3163163389","3163163389","BG","BULGARIA"
"3163167038","3163167039","IR","IRAN, ISLAMIC REPUBLIC OF"
"3163167417","3163167417","EG","EGYPT"
"3163169477","3163169477","ES","SPAIN"
"3163175968","3163176031","US","UNITED STATES"
"3163179520","3163179520","PK","PAKISTAN"
"3163181029","3163181029","DE","GERMANY"
"3163181877","3163181878","DE","GERMANY"
"3163184574","3163184574","RU","RUSSIAN FEDERATION"
"3163188406","3163188407","DE","GERMANY"
"3163189090","3163189094","DE","GERMANY"
"3163192588","3163192588","UA","UKRAINE"
"3163192888","3163192888","UA","UKRAINE"
"3164946800","3164947039","FR","FRANCE"
"3164950688","3164950695","PL","POLAND"
"3164954208","3164954239","FR","FRANCE"
"3164960592","3164960599","FR","FRANCE"
"3164962416","3164962443","FR","FRANCE"
"3164969884","3164969895","FR","FRANCE"
"3164972000","3164972015","CH","SWITZERLAND"
"3164974944","3164974975","PL","POLAND"
"3164977424","3164977535","FR","FRANCE"
"3166699520","3166961663","DE","GERMANY"
"3169863680","3169864703","MD","MOLDOVA, REPUBLIC OF"
"3187935112","3187935151","GT","GUATEMALA"
"3187939856","3187939863","GT","GUATEMALA"
"3187942088","3187942091","GT","GUATEMALA"
"3187944208","3187944211","GT","GUATEMALA"
"3187946936","3187946939","GT","GUATEMALA"
"3188125696","3188146175","AR","ARGENTINA"
"3189637120","3189694175","AR","ARGENTINA"
"3191728128","3191728383","AR","ARGENTINA"
"3193733120","3193735167","AR","ARGENTINA"
"3194469376","3194470399","CR","COSTA RICA"
"3194953728","3194961407","AR","ARGENTINA"
"3195804672","3195805695","VE","VENEZUELA, BOLIVARIAN REPUBLIC OF"
"3199780256","3199780287","US","UNITED STATES"
"3203531776","3203532287","CO","COLOMBIA"
"3221425664","3221426687","US","UNITED STATES"
"3221654784","3221655039","FR","FRANCE"
"3223200035","3223200054","US","UNITED STATES"
"3223484416","3223499519","US","UNITED STATES"
"3223628544","3223630079","SE","SWEDEN"
"3224003840","3224004095","US","UNITED STATES"
"3224699136","3224699647","BE","BELGIUM"
"3224928512","3224933887","US","UNITED STATES"
"3225627648","3225627903","US","UNITED STATES"
"3225777408","3225781247","US","UNITED STATES"
"3225941248","3225941503","IT","ITALY"
"3226138976","3226139271","CN","CHINA"
"3226584416","3226584447","AU","AUSTRALIA"
"3226754816","3226755071","SI","SLOVENIA"
"3227025664","3227025919","US","UNITED STATES"
"3227414272","3227415551","UK","UNITED KINGDOM"
"3227452508","3227452511","AR","ARGENTINA"
"3227453824","3227453951","IN","INDIA"
"3227455344","3227455359","AE","UNITED ARAB EMIRATES"
"3227462752","3227462799","US","UNITED STATES"
"3227464112","3227464159","US","UNITED STATES"
"3227465544","3227465551","CA","CANADA"
"3227467392","3227467423","AE","UNITED ARAB EMIRATES"
"3227847680","3227848703","US","UNITED STATES"
"3228045312","3228047103","US","UNITED STATES"
"3228309248","3228327167","DE","GERMANY"
"3228536928","3228536935","IN","INDIA"
"3228537896","3228537899","MX","MEXICO"
"3228538908","3228538911","MY","MALAYSIA"
"3228539736","3228539747","US","UNITED STATES"
"3229165312","3229167103","SE","SWEDEN"
"3229381888","3229382143","AU","AUSTRALIA"
"3229950976","3229951231","IL","ISRAEL"
"3230151680","3230152191","PT","PORTUGAL"
"3230329088","3230332927","US","UNITED STATES"
"3230953472","3230954495","CA","CANADA"
"3231088896","3231091711","AU","AUSTRALIA"
"3231226368","3231226879","US","UNITED STATES"
"3231493888","3231500031","US","UNITED STATES"
"3231569664","3231569919","UK","UNITED KINGDOM"
"3231770880","3231771135","RU","RUSSIAN FEDERATION"
"3232079872","3232080895","UK","UNITED KINGDOM"
"3232598016","3232629759","US","UNITED STATES"
"3232722984","3232722991","MY","MALAYSIA"
"3232723944","3232723959","US","UNITED STATES"
"3232724904","3232724911","IN","INDIA"
"3232725832","3232725839","NO","NORWAY"
"3233304965","3233305205","US","UNITED STATES"
"3233453824","3233454079","CA","CANADA"
"3233619456","3233620479","US","UNITED STATES"
"3233748992","3233749503","US","UNITED STATES"
"3234070784","3234110463","FR","FRANCE"
"3234129536","3234129567","IN","INDIA"
"3234131152","3234131159","BR","BRAZIL"
"3234222512","3234222519","US","UNITED STATES"
"3234223648","3234223655","US","UNITED STATES"
"3234224592","3234224615","BR","BRAZIL"
"3234225616","3234225619","PT","PORTUGAL"
"3234387232","3234387295","UK","UNITED KINGDOM"
"3234841856","3234842367","AU","AUSTRALIA"
"3235912704","3235914495","US","UNITED STATES"
"3236381696","3236385279","US","UNITED STATES"
"3236791656","3236791659","UY","URUGUAY"
"3237037824","3237037847","US","UNITED STATES"
"3237325312","3237325823","US","UNITED STATES"
"3237785944","3237785951","US","UNITED STATES"
"3237863840","3237863871","CN","CHINA"
"3237866088","3237866095","CN","CHINA"
"3237888608","3237888611","VN","VIET NAM"
"3237890632","3237890639","US","UNITED STATES"
"3237891592","3237891599","US","UNITED STATES"
"3238053376","3238053631","RU","RUSSIAN FEDERATION"
"3238583808","3238584319","CH","SWITZERLAND"
"3238986752","3238987775","NL","NETHERLANDS"
"3239127552","3239127807","IL","ISRAEL"
"3239269376","3239270399","UA","UKRAINE"
"3239488256","3239488511","CH","SWITZERLAND"
"3239581696","3239581951","PL","POLAND"
"3239714048","3239714303","FR","FRANCE"
"3239838464","3239838719","UK","UNITED KINGDOM"
"3239902464","3239902719","RU","RUSSIAN FEDERATION"
"3240038656","3240038911","UK","UNITED KINGDOM"
"3240196096","3240197119","RU","RUSSIAN FEDERATION"
"3240269824","3240270335","SE","SWEDEN"
"3240407296","3240407551","NL","NETHERLANDS"
"3240699136","3240699391","DE","GERMANY"
"3240750592","3240750847","FR","FRANCE"
"3240879104","3240880127","PL","POLAND"
"3241100032","3241101055","UK","UNITED KINGDOM"
"3241674752","3241675007","UK","UNITED KINGDOM"
"3242475520","3242483711","LV","LATVIA"
"3243544320","3243544575","NL","NETHERLANDS"
"3244273696","3244273727","IE","IRELAND"
"3244839424","3244839679","AT","AUSTRIA"
"3244868096","3244868351","DE","GERMANY"
"3244895232","3244895487","DK","DENMARK"
"3244922880","3244923135","UA","UKRAINE"
"3244956672","3244957695","LT","LITHUANIA"
"3245076480","3245077503","FR","FRANCE"
"3245137664","3245137919","SE","SWEDEN"
"3245203456","3245203711","UK","UNITED KINGDOM"
"3245258240","3245258751","AT","AUSTRIA"
"3245326336","3245326847","SI","SLOVENIA"
"3245924656","3245924671","IE","IRELAND"
"3247076608","3247076863","DE","GERMANY"
"3247334400","3247334655","NO","NORWAY"
"3247783936","3247792127","UK","UNITED KINGDOM"
"3247921152","3247922175","UA","UKRAINE"
"3248788992","3248789503","FR","FRANCE"
"3249106944","3249108479","PL","POLAND"
"3249679104","3249679359","CH","SWITZERLAND"
"3249844480","3249844735","AT","AUSTRIA"
"3250013184","3250014207","SE","SWEDEN"
"3250326528","3250327039","BH","BAHRAIN"
"3250451600","3250454527","DE","GERMANY"
"3251110144","3251110655","BG","BULGARIA"
"3251150080","3251150335","CH","SWITZERLAND"
"3251184384","3251184639","UK","UNITED KINGDOM"
"3251218176","3251218431","PL","POLAND"
"3251334144","3251334655","FR","FRANCE"
"3252214528","3252214783","SE","SWEDEN"
"3252384000","3252384511","PL","POLAND"
"3252413592","3252413599","LT","LITHUANIA"
"3252432128","3252432383","LR","LIBERIA"
"3252458464","3252458495","LT","LITHUANIA"
"3252642816","3252643071","NL","NETHERLANDS"
"3252985856","3252989439","AT","AUSTRIA"
"3253462528","3253463039","US","UNITED STATES"
"3253701120","3253702143","RO","ROMANIA"
"3253744128","3253760511","UK","UNITED KINGDOM"
"3253966336","3253966847","DE","GERMANY"
"3254583552","3254583567","SG","SINGAPORE"
"3254803456","3254804479","DE","GERMANY"
"3254838016","3254838271","GE","GEORGIA"
"3254926280","3254926287","UK","UNITED KINGDOM"
"3255256576","3255257823","BE","BELGIUM"
"3255308288","3255311359","LV","LATVIA"
"3255399680","3255400447","DE","GERMANY"
"3255558656","3255562751","CH","SWITZERLAND"
"3256222208","3256222463","NL","NETHERLANDS"
"3256658944","3256662015","UA","UKRAINE"
"3256826368","3256826623","IL","ISRAEL"
"3257182208","3257182463","PL","POLAND"
"3257552448","3257552511","UK","UNITED KINGDOM"
"3257776384","3257779199","NL","NETHERLANDS"
"3258071808","3258072063","UK","UNITED KINGDOM"
"3258104832","3258105087","UK","UNITED KINGDOM"
"3258580992","3258646527","RU","RUSSIAN FEDERATION"
"3259031660","3259031895","DE","GERMANY"
"3259318344","3259318351","FR","FRANCE"
"3259470848","3259471871","US","UNITED STATES"
"3259814656","3259821823","DE","GERMANY"
"3260603904","3260604415","FR","FRANCE"
"3261584384","3261595647","SE","SWEDEN"
"3262005760","3262006015","RU","RUSSIAN FEDERATION"
"3262044672","3262044927","GR","GREECE"
"3262152664","3262152671","DE","GERMANY"
"3262461696","3262461823","UA","UKRAINE"
"3262472796","3262472799","AT","AUSTRIA"
"3262473541","3262473541","DE","GERMANY"
"3262474080","3262474083","SG","SINGAPORE"
"3262474215","3262474215","IN","INDIA"
"3262475316","3262475319","SE","SWEDEN"
"3262476068","3262476071","PL","POLAND"
"3262476528","3262476531","DE","GERMANY"
"3262477060","3262477063","US","UNITED STATES"
"3262477564","3262477571","BE","BELGIUM"
"3262478056","3262478063","CH","SWITZERLAND"
"3262478192","3262478192","ZA","SOUTH AFRICA"
"3262478431","3262478431","HU","HUNGARY"
"3262478561","3262478562","FR","FRANCE"
"3262478701","3262478701","DE","GERMANY"
"3262478866","3262478866","CH","SWITZERLAND"
"3262479013","3262479013","NL","NETHERLANDS"
"3262479147","3262479147","IT","ITALY"
"3262479290","3262479290","BE","BELGIUM"
"3262479439","3262479439","DE","GERMANY"
"3262479585","3262479585","DE","GERMANY"
"3262479714","3262479714","AT","AUSTRIA"
"3262479863","3262479863","NL","NETHERLANDS"
"3262480034","3262480034","DE","GERMANY"
"3262480202","3262480202","UK","UNITED KINGDOM"
"3262480367","3262480367","DE","GERMANY"
"3262724352","3262724863","NL","NETHERLANDS"
"3263090432","3263090687","PL","POLAND"
"3263482880","3263483903","IT","ITALY"
"3263987712","3264004095","ES","SPAIN"
"3264326656","3264327679","SE","SWEDEN"
"3264432128","3264439039","CH","SWITZERLAND"
"3264619312","3264619327","UK","UNITED KINGDOM"
"3264754688","3264754943","NL","NETHERLANDS"
"3264864256","3264872447","RO","ROMANIA"
"3265341696","3265341951","DE","GERMANY"
"3265608960","3265609215","RU","RUSSIAN FEDERATION"
"3266343680","3266343935","RO","ROMANIA"
"3267047424","3267048447","UA","UKRAINE"
"3267542784","3267543039","DE","GERMANY"
"3267633680","3267633727","UK","UNITED KINGDOM"
"3267657696","3267657703","UK","UNITED KINGDOM"
"3267680256","3267680767","SK","SLOVAKIA"
"3268214784","3268224767","UK","UNITED KINGDOM"
"3268920576","3268920831","SE","SWEDEN"
"3269303040","3269303295","DE","GERMANY"
"3270133024","3270136927","UK","UNITED KINGDOM"
"3270218496","3270218751","CH","SWITZERLAND"
"3270911968","3270911999","NL","NETHERLANDS"
"3271280736","3271290623","FI","FINLAND"
"3271403904","3271403919","UK","UNITED KINGDOM"
"3271799808","3271800831","RU","RUSSIAN FEDERATION"
"3272089600","3272090111","NO","NORWAY"
"3272215880","3272215883","UK","UNITED KINGDOM"
"3272264192","3272264447","NL","NETHERLANDS"
"3272426672","3272441855","UK","UNITED KINGDOM"
"3272651240","3272652287","UK","UNITED KINGDOM"
"3272904192","3272904447","SI","SLOVENIA"
"3273050784","3273050879","GR","GREECE"
"3273327552","3273327583","UK","UNITED KINGDOM"
"3273363208","3273363211","DE","GERMANY"
"3273392128","3273392639","PL","POLAND"
"3273760768","3273768959","DE","GERMANY"
"3274145792","3274162175","KW","KUWAIT"
"3274408448","3274408703","NL","NETHERLANDS"
"3274698240","3274698495","SE","SWEDEN"
"3274924032","3274928127","FR","FRANCE"
"3274962688","3274962879","GR","GREECE"
"3275507200","3275507711","UA","UKRAINE"
"3275564496","3275564799","UK","UNITED KINGDOM"
"3275588864","3275589119","IT","ITALY"
"3275788800","3275789311","AT","AUSTRIA"
"3275921408","3275921919","UA","UKRAINE"
"3276017568","3276017607","FR","FRANCE"
"3276023776","3276023807","UK","UNITED KINGDOM"
"3276029856","3276029887","UK","UNITED KINGDOM"
"3276036272","3276036279","UK","UNITED KINGDOM"
"3276044608","3276044639","UK","UNITED KINGDOM"
"3276119040","3276120063","RU","RUSSIAN FEDERATION"
"3276431104","3276431359","RU","RUSSIAN FEDERATION"
"3276499200","3276499455","UK","UNITED KINGDOM"
"3276518352","3276518383","NL","NETHERLANDS"
"3276529184","3276529279","TR","TURKEY"
"3276684800","3276685311","DE","GERMANY"
"3276740864","3276741375","FR","FRANCE"
"3276761280","3276761919","DE","GERMANY"
"3276782848","3276782975","BE","BELGIUM"
"3276834816","3276835839","RU","RUSSIAN FEDERATION"
"3276881280","3276881407","DE","GERMANY"
"3276906000","3276906003","BE","BELGIUM"
"3276919368","3276919375","UK","UNITED KINGDOM"
"3277188864","3277189119","RO","ROMANIA"
"3277367808","3277368319","RU","RUSSIAN FEDERATION"
"3277504512","3277520895","DE","GERMANY"
"3277823744","3277823999","UA","UKRAINE"
"3278161648","3278168111","SE","SWEDEN"
"3278938240","3278938243","LI","LIECHTENSTEIN"
"3278938732","3278938735","CH","SWITZERLAND"
"3278939328","3278939331","US","UNITED STATES"
"3278939824","3278939827","HU","HUNGARY"
"3278940364","3278940367","IT","ITALY"
"3278940852","3278940855","DE","GERMANY"
"3278941440","3278941443","AR","ARGENTINA"
"3278942244","3278942247","NZ","NEW ZEALAND"
"3278942763","3278942763","NL","NETHERLANDS"
"3278942886","3278942886","DE","GERMANY"
"3278943028","3278943029","UK","UNITED KINGDOM"
"3278943162","3278943162","ES","SPAIN"
"3278943300","3278943300","UK","UNITED KINGDOM"
"3278943419","3278943419","ES","SPAIN"
"3278943551","3278943551","DE","GERMANY"
"3278943671","3278943672","DE","GERMANY"
"3278943803","3278943803","UK","UNITED KINGDOM"
"3278943923","3278943923","DE","GERMANY"
"3278944048","3278944048","BE","BELGIUM"
"3278944170","3278944171","CH","SWITZERLAND"
"3278944401","3278944401","US","UNITED STATES"
"3278944709","3278944709","US","UNITED STATES"
"3278945324","3278945327","AR","ARGENTINA"
"3278945856","3278945856","DK","DENMARK"
"3279035392","3279035903","IL","ISRAEL"
"3279341056","3279341567","IT","ITALY"
"3279588256","3279588287","DE","GERMANY"
"3279986688","3279987199","NL","NETHERLANDS"
"3280084992","3280093183","BA","BOSNIA AND HERZEGOVINA"
"3280583168","3280583423","RO","ROMANIA"
"3280666624","3280732159","NO","NORWAY"
"3280955800","3280955999","DE","GERMANY"
"3280980352","3280980367","DE","GERMANY"
"3280992816","3280992847","UK","UNITED KINGDOM"
"3281351680","3281351935","TR","TURKEY"
"3282174464","3282174975","UK","UNITED KINGDOM"
"3282563072","3282567167","UK","UNITED KINGDOM"
"3283226112","3283226623","DK","DENMARK"
"3283495168","3283495423","BG","BULGARIA"
"3283558656","3283558751","FR","FRANCE"
"3283580464","3283582975","DE","GERMANY"
"3283593216","3283595263","IT","ITALY"
"3283650976","3283651071","UK","UNITED KINGDOM"
"3283966976","3283967999","DE","GERMANY"
"3284029440","3284029695","US","UNITED STATES"
"3284100096","3284100607","AM","ARMENIA"
"3284688896","3284697087","FR","FRANCE"
"3285121024","3285121535","SE","SWEDEN"
"3285456704","3285456735","UK","UNITED KINGDOM"
"3285465176","3285465215","UK","UNITED KINGDOM"
"3285475784","3285475807","UK","UNITED KINGDOM"
"3285494016","3285494079","IT","ITALY"
"3285515792","3285515803","GR","GREECE"
"3285527812","3285527815","PL","POLAND"
"3285532160","3285532223","BE","BELGIUM"
"3285536960","3285536991","ES","SPAIN"
"3285542656","3285542911","ZA","SOUTH AFRICA"
"3285551392","3285551423","DE","GERMANY"
"3285560448","3285560479","LI","LIECHTENSTEIN"
"3285572384","3285572447","BE","BELGIUM"
"3285762048","3285762559","FR","FRANCE"
"3285924432","3285924479","UK","UNITED KINGDOM"
"3285946368","3285946879","UK","UNITED KINGDOM"
"3286254176","3286264879","UK","UNITED KINGDOM"
"3286424576","3286424831","RU","RUSSIAN FEDERATION"
"3286888448","3286889471","IE","IRELAND"
"3286937344","3286937599","UK","UNITED KINGDOM"
"3287427760","3287427775","UK","UNITED KINGDOM"
"3287548928","3287549439","UA","UKRAINE"
"3287675648","3287675903","DE","GERMANY"
"3287834624","3287842815","UK","UNITED KINGDOM"
"3288247808","3288248831","PL","POLAND"
"3288569856","3288570111","CU","CUBA"
"3289162744","3289162751","PR","PUERTO RICO"
"3289167608","3289167775","PR","PUERTO RICO"
"3290116096","3290118399","PE","PERU"
"3290492928","3290497023","TZ","TANZANIA, UNITED REPUBLIC OF"
"3291355648","3291355903","EG","EGYPT"
"3302531840","3302532095","BW","BOTSWANA"
"3314843648","3314860031","MG","MADAGASCAR"
"3319169024","3319201791","CG","CONGO"
"3321167872","3321233407","ZA","SOUTH AFRICA"
"3322075552","3322075647","US","UNITED STATES"
"3322893072","3322893087","US","UNITED STATES"
"3323243144","3323243159","CA","CANADA"
"3323436184","3323436191","KW","KUWAIT"
"3323678640","3323678687","CA","CANADA"
"3323685104","3323685119","SG","SINGAPORE"
"3323688960","3323688975","US","UNITED STATES"
"3324650752","3324653311","US","UNITED STATES"
"3324805720","3324805727","BR","BRAZIL"
"3324807800","3324807807","BR","BRAZIL"
"3324809696","3324809727","RU","RUSSIAN FEDERATION"
"3324811536","3324811543","CA","CANADA"
"3325190256","3325190263","CA","CANADA"
"3325191208","3325191215","CA","CANADA"
"3325192176","3325192183","CA","CANADA"
"3325193088","3325193095","MX","MEXICO"
"3325194048","3325194055","US","UNITED STATES"
"3325195152","3325195159","LB","LEBANON"
"3325196064","3325196071","US","UNITED STATES"
"3325197000","3325197007","BR","BRAZIL"
"3325199352","3325199359","PK","PAKISTAN"
"3325201236","3325201239","CA","CANADA"
"3325207232","3325207263","FI","FINLAND"
"3325209408","3325209411","US","UNITED STATES"
"3325211192","3325211199","BG","BULGARIA"
"3325213520","3325213535","US","UNITED STATES"
"3325215520","3325215559","US","UNITED STATES"
"3325217376","3325217407","US","UNITED STATES"
"3325219956","3325219959","BR","BRAZIL"
"3325221856","3325221871","BR","BRAZIL"
"3325223840","3325223871","CA","CANADA"
"3325225424","3325225439","CA","CANADA"
"3325227408","3325227427","CA","CANADA"
"3325229848","3325229851","UK","UNITED KINGDOM"
"3325431552","3325443583","ZA","SOUTH AFRICA"
"3325920416","3325920431","IE","IRELAND"
"3326631976","3326631983","CA","CANADA"
"3326632952","3326633535","CA","CANADA"
"3328481280","3328481535","US","UNITED STATES"
"3330627072","3330640895","US","UNITED STATES"
"3331523584","3331523839","UK","UNITED KINGDOM"
"3332528128","3332529663","US","UNITED STATES"
"3333594112","3333624319","US","UNITED STATES"
"3335475456","3335480191","US","UNITED STATES"
"3335730432","3335784191","US","UNITED STATES"
"3337961712","3337961727","US","UNITED STATES"
"3338253312","3338253567","CA","CANADA"
"3339185840","3339185843","US","UNITED STATES"
"3339766192","3339766239","US","UNITED STATES"
"3339935744","3339937816","US","UNITED STATES"
"3340846112","3340846119","CA","CANADA"
"3340926560","3340926599","US","UNITED STATES"
"3341495808","3341500159","US","UNITED STATES"
"3341853520","3341853527","NZ","NEW ZEALAND"
"3343015936","3343046915","US","UNITED STATES"
"3343465472","3343466495","JM","JAMAICA"
"3344937984","3344938239","US","UNITED STATES"
"3345332312","3345332319","TR","TURKEY"
"3345409180","3345409204","US","UNITED STATES"
"3346221640","3346221655","US","UNITED STATES"
"3346491992","3346492831","US","UNITED STATES"
"3349447168","3349463039","US","UNITED STATES"
"3350496318","3350496447","US","UNITED STATES"
"3351013376","3351014591","CN","CHINA"
"3351074690","3351074690","DE","GERMANY"
"3351198136","3351198143","US","UNITED STATES"
"3351268567","3351268589","US","UNITED STATES"
"3351365120","3351372799","US","UNITED STATES"
"3351438336","3351438591","US","UNITED STATES"
"3352916513","3352916516","BM","BERMUDA"
"3353737216","3353737471","UK","UNITED KINGDOM"
"3354132480","3354467898","US","UNITED STATES"
"3354507936","3354507967","US","UNITED STATES"
"3354508640","3354508655","US","UNITED STATES"
"3354738432","3354738439","UK","UNITED KINGDOM"
"3355478016","3355478271","PE","PERU"
"3355709440","3355713535","CO","COLOMBIA"
"3356086528","3356087295","CR","COSTA RICA"
"3356273664","3356274431","SV","EL SALVADOR"
"3356512000","3356512255","CO","COLOMBIA"
"3357458432","3357474815","CL","CHILE"
"3357779056","3357779071","GT","GUATEMALA"
"3358530304","3358531583","VE","VENEZUELA, BOLIVARIAN REPUBLIC OF"
"3359110080","3359110143","UK","UNITED KINGDOM"
"3360161792","3360227327","CL","CHILE"
"3360690752","3360690815","CO","COLOMBIA"
"3360780436","3360780438","BR","BRAZIL"
"3360781216","3360781230","BR","BRAZIL"
"3360781936","3360781939","AR","ARGENTINA"
"3362338048","3362338559","AR","ARGENTINA"
"3362553232","3362553247","AR","ARGENTINA"
"3363553664","3363553919","AR","ARGENTINA"
"3385851904","3386114047","VE","VENEZUELA, BOLIVARIAN REPUBLIC OF"
"3388080128","3388211199","VE","VENEZUELA, BOLIVARIAN REPUBLIC OF"
"3389195776","3389196287","HK","HONG KONG"
"3389411584","3389412351","AU","AUSTRALIA"
"3389605120","3389605375","ID","INDONESIA"
"3389939968","3389940223","CN","CHINA"
"3390390272","3390398463","NZ","NEW ZEALAND"
"3391657472","3391657727","CN","CHINA"
"3391915008","3391915519","CN","CHINA"
"3392340992","3392344063","JP","JAPAN"
"3392647168","3392651263","MN","MONGOLIA"
"3392926720","3392927231","IN","INDIA"
"3393388544","3393389567","CN","CHINA"
"3393814528","3393815551","CN","CHINA"
"3394158592","3394162687","ID","INDONESIA"
"3394682880","3394686975","PH","PHILIPPINES"
"3394959360","3394960383","HK","HONG KONG"
"3395246936","3395254751","SG","SINGAPORE"
"3397256672","3397256975","JP","JAPAN"
"3397515264","3397516287","NP","NEPAL"
"3397794304","3397794559","CN","CHINA"
"3398307840","3398311935","CN","CHINA"
"3398636776","3398636783","AU","AUSTRALIA"
"3398645264","3398645311","SG","SINGAPORE"
"3399131136","3399135231","IN","INDIA"
"3399751680","3399752191","IN","INDIA"
"3400005280","3400005311","SG","SINGAPORE"
"3400401920","3400402175","TW","TAIWAN, PROVINCE OF CHINA"
"3400437808","3400437815","MN","MONGOLIA"
"3400440552","3400440575","NP","NEPAL"
"3400649248","3400649455","SG","SINGAPORE"
"3401532416","3401539583","CN","CHINA"
"3406000128","3406002431","CN","CHINA"
"3406317312","3406320127","AU","AUSTRALIA"
"3406528000","3406528255","CN","CHINA"
"3406737408","3406737663","ID","INDONESIA"
"3406951424","3406952447","AU","AUSTRALIA"
"3407089920","3407090175","CN","CHINA"
"3407244032","3407250175","AU","AUSTRALIA"
"3407390464","3407390719","CN","CHINA"
"3407523328","3407523839","AU","AUSTRALIA"
"3407647232","3407652095","AU","AUSTRALIA"
"3407785472","3407785727","NZ","NEW ZEALAND"
"3407898112","3407898367","CN","CHINA"
"3408030464","3408031999","AU","AUSTRALIA"
"3409488128","3409488383","CN","CHINA"
"3409882112","3409883135","IN","INDIA"
"3411149824","3411150847","IN","INDIA"
"3411559424","3411559431","HK","HONG KONG"
"3411611648","3411615743","ID","INDONESIA"
"3412247024","3412247031","CN","CHINA"
"3412253184","3412253439","SG","SINGAPORE"
"3413164032","3413172223","BD","BANGLADESH"
"3414098176","3414098191","ID","INDONESIA"
"3415228416","3415236607","KH","CAMBODIA"
"3416342528","3416371199","AU","AUSTRALIA"
"3416481568","3416481575","JP","JAPAN"
"3416489728","3416489731","JP","JAPAN"
"3416939520","3416940543","AU","AUSTRALIA"
"3417946112","3417947135","AU","AUSTRALIA"
"3418284608","3418284623","JP","JAPAN"
"3418394016","3418394047","NZ","NEW ZEALAND"
"3418403160","3418403199","SG","SINGAPORE"
"3418510848","3418510927","JP","JAPAN"
"3418652164","3418652167","JP","JAPAN"
"3419561984","3419570175","AU","AUSTRALIA"
"3420336208","3420336223","HK","HONG KONG"
"3420369264","3420369279","AU","AUSTRALIA"
"3423234416","3423234471","US","UNITED STATES"
"3423346320","3423346327","DK","DENMARK"
"3423357864","3423357871","AE","UNITED ARAB EMIRATES"
"3423480936","3423480943","AO","ANGOLA"
"3423705856","3423797503","US","UNITED STATES"
"3426618736","3426618751","NZ","NEW ZEALAND"
"3427760896","3427761663","US","UNITED STATES"
"3427818512","3427818527","IN","INDIA"
"3428591832","3428591847","CA","CANADA"
"3428608000","3428609023","CA","CANADA"
"3429500928","3429503231","CA","CANADA"
"3431607040","3431607043","CA","CANADA"
"3432330240","3432361983","US","UNITED STATES"
"3434811168","3434811199","US","UNITED STATES"
"3437691392","3437691647","HK","HONG KONG"
"3437795808","3437795815","AR","ARGENTINA"
"3438010368","3438034943","US","UNITED STATES"
"3448380776","3448380783","AE","UNITED ARAB EMIRATES"
"3448557400","3448557407","UK","UNITED KINGDOM"
"3449191312","3449191319","CA","CANADA"
"3449254144","3449254911","US","UNITED STATES"
"3450960960","3450960975","DM","DOMINICA"
"3452715144","3452715151","US","UNITED STATES"
"3453028608","3453028863","US","UNITED STATES"
"3453372784","3453372791","LB","LEBANON"
"3453553152","3453553407","UK","UNITED KINGDOM"
"3454604032","3454604799","CA","CANADA"
"3455035392","3455035903","AU","AUSTRALIA"
"3455633408","3455634431","US","UNITED STATES"
"3457551872","3457552127","CA","CANADA"
"3459264768","3459265023","VE","VENEZUELA, BOLIVARIAN REPUBLIC OF"
"3459357696","3459357951","SV","EL SALVADOR"
"3460894368","3460894463","US","UNITED STATES"
"3460917360","3460917423","US","UNITED STATES"
"3460940288","3460940351","MX","MEXICO"
"3460954208","3460954367","US","UNITED STATES"
"3461949184","3461949695","US","UNITED STATES"
"3463043072","3463044095","ES","SPAIN"
"3464343424","3464343431","SG","SINGAPORE"
"3465413960","3465413967","UK","UNITED KINGDOM"
"3466068440","3466068479","CA","CANADA"
"3466689456","3466689535","DM","DOMINICA"
"3467146592","3467146655","US","UNITED STATES"
"3468060992","3468061119","US","UNITED STATES"
"3468083680","3468083967","US","UNITED STATES"
"3468098112","3468098239","US","UNITED STATES"
"3470154080","3470154111","CN","CHINA"
"3470186053","3470186084","US","UNITED STATES"
"3470187647","3470187650","IT","ITALY"
"3470362732","3470362735","AE","UNITED ARAB EMIRATES"
"3470646728","3470646735","UK","UNITED KINGDOM"
"3470934128","3470934175","US","UNITED STATES"
"3470935384","3470935391","IE","IRELAND"
"3470936792","3470936799","US","UNITED STATES"
"3470937888","3470937895","US","UNITED STATES"
"3470938976","3470938983","CN","CHINA"
"3470940000","3470940031","US","UNITED STATES"
"3470941320","3470941327","HK","HONG KONG"
"3470942568","3470942575","CM","CAMEROON"
"3470943752","3470943767","CN","CHINA"
"3470944888","3470944895","CA","CANADA"
"3470945936","3470945951","US","UNITED STATES"
"3470946992","3470947007","CN","CHINA"
"3471061504","3471061759","NL","NETHERLANDS"
"3475381176","3475381183","SV","EL SALVADOR"
"3476722608","3476722719","US","UNITED STATES"
"3478275936","3478275967","UK","UNITED KINGDOM"
"3479293024","3479293031","US","UNITED STATES"
"3480226424","3480226799","CA","CANADA"
"3480582400","3480582655","RU","RUSSIAN FEDERATION"
"3482014208","3482018815","CA","CANADA"
"3482757576","3482757585","CN","CHINA"
"3482910720","3482927103","CA","CANADA"
"3484463184","3484464143","CA","CANADA"
"3485885142","3485886917","US","UNITED STATES"
"3486603264","3486603295","US","UNITED STATES"
"3486625792","3486626047","NL","NETHERLANDS"
"3487736352","3487736367","DM","DOMINICA"
"3487740768","3487740783","DM","DOMINICA"
"3489341440","3489345535","CA","CANADA"
"3492005440","3492005447","DK","DENMARK"
"3492497608","3492497719","US","UNITED STATES"
"3492507560","3492507727","US","UNITED STATES"
"3492528976","3492528983","VE","VENEZUELA, BOLIVARIAN REPUBLIC OF"
"3492827904","3492827967","AU","AUSTRALIA"
"3494004736","3494009855","US","UNITED STATES"
"3494230000","3494230015","CA","CANADA"
"3494419008","3494419039","ID","INDONESIA"
"3494655808","3494655871","UK","UNITED KINGDOM"
"3494861416","3494861575","US","UNITED STATES"
"3495136480","3495136495","US","UNITED STATES"
"3495200472","3495200479","BR","BRAZIL"
"3495424287","3495424308","IN","INDIA"
"3495549924","3495550031","US","UNITED STATES"
"3495847936","3495849983","CA","CANADA"
"3496288176","3496288559","US","UNITED STATES"
"3496951808","3496959999","CA","CANADA"
"3497163008","3497163039","US","UNITED STATES"
"3497226792","3497226799","CN","CHINA"
"3497253344","3497253351","BH","BAHRAIN"
"3498812416","3498812671","PF","FRENCH POLYNESIA"
"3501522944","3501588479","CA","CANADA"
"3505474816","3505511679","US","UNITED STATES"
"3506973875","3506973951","US","UNITED STATES"
"3507639200","3507639385","US","UNITED STATES"
"3508221952","3508222975","US","UNITED STATES"
"3508292864","3508294143","DE","GERMANY"
"3508305264","3508305791","US","UNITED STATES"
"3508330496","3508331263","UK","UNITED KINGDOM"
"3509347680","3509347695","US","UNITED STATES"
"3509523680","3509523695","US","UNITED STATES"
"3509557440","3509557759","US","UNITED STATES"
"3509774121","3509774135","UK","UNITED KINGDOM"
"3510005760","3510009855","CA","CANADA"
"3510468720","3510468727","MX","MEXICO"
"3510470928","3510470935","IL","ISRAEL"
"3510475152","3510475159","AU","AUSTRALIA"
"3510479976","3510479991","US","UNITED STATES"
"3512011824","3512011855","US","UNITED STATES"
"3512197120","3512205311","CA","CANADA"
"3512378436","3512378436","US","UNITED STATES"
"3512540288","3512540295","TH","THAILAND"
"3512550032","3512550143","US","UNITED STATES"
"3512567936","3512568063","BR","BRAZIL"
"3512587296","3512587327","CH","SWITZERLAND"
"3513778176","3513794559","CA","CANADA"
"3514760240","3514760255","MX","MEXICO"
"3515868480","3515871679","US","UNITED STATES"
"3517103317","3517103330","NZ","NEW ZEALAND"
"3517184208","3517184223","CA","CANADA"
"3517403392","3517403455","CA","CANADA"
"3517424640","3517426047","CA","CANADA"
"3517445376","3517445503","CA","CANADA"
"3517719624","3517719631","BR","BRAZIL"
"3517722152","3517722159","MX","MEXICO"
"3517724288","3517724319","CA","CANADA"
"3518075520","3518075583","US","UNITED STATES"
"3519407352","3519407359","US","UNITED STATES"
"3519873024","3519877295","CA","CANADA"
"3520025304","3520025343","CA","CANADA"
"3520033048","3520033055","CA","CANADA"
"3520092800","3520092811","US","UNITED STATES"
"3521005560","3521005567","US","UNITED STATES"
"3521013016","3521013023","CA","CANADA"
"3521225216","3521225919","CA","CANADA"
"3521934194","3521934201","LK","SRI LANKA"
"3522130196","3522130205","US","UNITED STATES"
"3522130354","3522130356","UA","UKRAINE"
"3522131845","3522131845","CO","COLOMBIA"
"3522132129","3522132129","US","UNITED STATES"
"3522132392","3522132395","US","UNITED STATES"
"3522133153","3522133153","FI","FINLAND"
"3523592512","3523592575","PK","PAKISTAN"
"3523603560","3523603575","HK","HONG KONG"
"3524266752","3524274175","PH","PHILIPPINES"
"3529064960","3529065151","IN","INDIA"
"3529068256","3529068271","HK","HONG KONG"
"3535994880","3536060415","MY","MALAYSIA"
"3556985144","3556985151","ES","SPAIN"
"3557228544","3557236735","EE","ESTONIA"
"3557361616","3557361959","UK","UNITED KINGDOM"
"3557597712","3557597719","AS","AMERICAN SAMOA"
"3558031360","3558039551","UK","UNITED KINGDOM"
"3558195712","3558196031","UK","UNITED KINGDOM"
"3558291024","3558291031","SE","SWEDEN"
"3558372736","3558372863","ES","SPAIN"
"3558853512","3558853535","UK","UNITED KINGDOM"
"3559090080","3559090103","BE","BELGIUM"
"3559092740","3559092759","BE","BELGIUM"
"3559094496","3559094511","UK","UNITED KINGDOM"
"3559251968","3559260159","NO","NORWAY"
"3559636992","3559653375","FR","FRANCE"
"3559905272","3559905317","EE","ESTONIA"
"3560029240","3560029247","UK","UNITED KINGDOM"
"3560632216","3560636415","UK","UNITED KINGDOM"
"3560939892","3560939895","DE","GERMANY"
"3560940420","3560940423","GR","GREECE"
"3560940908","3560940915","UK","UNITED KINGDOM"
"3560941400","3560941407","DE","GERMANY"
"3560941900","3560941903","DE","GERMANY"
"3560942416","3560942419","IT","ITALY"
"3560942916","3560942919","BE","BELGIUM"
"3560943196","3560943197","IT","ITALY"
"3560943324","3560943324","DE","GERMANY"
"3560943452","3560943452","UK","UNITED KINGDOM"
"3560943578","3560943578","ES","SPAIN"
"3560943699","3560943699","IT","ITALY"
"3560943828","3560943828","ES","SPAIN"
"3560944316","3560944323","AR","ARGENTINA"
"3560944872","3560944875","DE","GERMANY"
"3560945430","3560945430","MY","MALAYSIA"
"3560945800","3560945803","BR","BRAZIL"
"3560946345","3560946345","US","UNITED STATES"
"3560946840","3560946840","US","UNITED STATES"
"3560951132","3560951135","ES","SPAIN"
"3561193472","3561201663","PL","POLAND"
"3561562112","3561570303","ES","SPAIN"
"3561807872","3561816063","BE","BELGIUM"
"3561938944","3561939832","IE","IRELAND"
"3562221568","3562225151","DE","GERMANY"
"3562872832","3562881023","DK","DENMARK"
"3563356160","3563364351","RU","RUSSIAN FEDERATION"
"3563802224","3563802255","FR","FRANCE"
"3563854336","3563854591","UK","UNITED KINGDOM"
"3564208128","3564212735","UK","UNITED KINGDOM"
"3564560912","3564560959","UK","UNITED KINGDOM"
"3564574080","3564574975","UK","UNITED KINGDOM"
"3564862872","3564863487","DE","GERMANY"
"3564886280","3564886287","UK","UNITED KINGDOM"
"3564891040","3564891215","UK","UNITED KINGDOM"
"3564957508","3564957511","UK","UNITED KINGDOM"
"3564959968","3564959999","UK","UNITED KINGDOM"
"3565256704","3565289471","NL","NETHERLANDS"
"3565500544","3565500567","UK","UNITED KINGDOM"
"3567324544","3567324559","UK","UNITED KINGDOM"
"3567399648","3567399687","UK","UNITED KINGDOM"
"3567476224","3567477663","ES","SPAIN"
"3567616352","3567616383","GQ","EQUATORIAL GUINEA"
"3567718144","3567718399","CH","SWITZERLAND"
"3569253096","3569253103","LU","LUXEMBOURG"
"3569732768","3569732783","FR","FRANCE"
"3569740496","3569740511","FR","FRANCE"
"3570097344","3570097359","DE","GERMANY"
"3571328880","3571329215","UK","UNITED KINGDOM"
"3571468368","3571468383","ES","SPAIN"
"3573142016","3573142271","AT","AUSTRIA"
"3574181216","3574181311","ES","SPAIN"
"3574831360","3574833151","UK","UNITED KINGDOM"
"3575583120","3575583231","BE","BELGIUM"
"3575628824","3575628831","FR","FRANCE"
"3575634496","3575634511","FI","FINLAND"
"3575638768","3575638783","SE","SWEDEN"
"3575864381","3575864382","NL","NETHERLANDS"
"3576237232","3576237311","UK","UNITED KINGDOM"
"3576249808","3576249823","UK","UNITED KINGDOM"
"3576257440","3576257471","UK","UNITED KINGDOM"
"3576262120","3576262127","UK","UNITED KINGDOM"
"3577417536","3577479167","RU","RUSSIAN FEDERATION"
"3577633792","3577633951","CZ","CZECH REPUBLIC"
"3577665344","3577665375","SE","SWEDEN"
"3579204240","3579204271","UK","UNITED KINGDOM"
"3579482992","3579483151","FR","FRANCE"
"3579491472","3579491487","PT","PORTUGAL"
"3580362752","3580473375","UK","UNITED KINGDOM"
"3581197312","3581197567","IE","IRELAND"
"3582227456","3582230527","SE","SWEDEN"
"3582318512","3582318519","JE","JERSEY"
"3582567152","3582567231","UK","UNITED KINGDOM"
"3582573512","3582573519","DE","GERMANY"
"3583031848","3583031895","GR","GREECE"
"3583463896","3583467519","CZ","CZECH REPUBLIC"
"3583708232","3583708239","NA","NAMIBIA"
"3583745808","3583745855","UK","UNITED KINGDOM"
"3584093792","3584094893","NO","NORWAY"
"3584614656","3584614751","IE","IRELAND"
"3585190528","3585190655","DZ","ALGERIA"
"3585543304","3585544903","DE","GERMANY"
"3585750384","3585750399","PT","PORTUGAL"
"3586007040","3586015231","LT","LITHUANIA"
"3586523136","3586541247","DE","GERMANY"
"3586682224","3586682239","IE","IRELAND"
"3586965504","3586981887","NL","NETHERLANDS"
"3587232528","3587232831","UK","UNITED KINGDOM"
"3587240208","3587240215","NL","NETHERLANDS"
"3587287340","3587287343","PL","POLAND"
"3587342336","3587358719","CZ","CZECH REPUBLIC"
"3588308992","3588325375","NO","NORWAY"
"3589034160","3589034167","UK","UNITED KINGDOM"
"3589428224","3589428351","CH","SWITZERLAND"
"3589584256","3589584271","NL","NETHERLANDS"
"3589722320","3589722335","FR","FRANCE"
"3589734400","3589742591","ZA","SOUTH AFRICA"
"3590157360","3590157439","SI","SLOVENIA"
"3590255040","3590255043","UK","UNITED KINGDOM"
"3590309040","3590309055","ZW","ZIMBABWE"
"3590311368","3590311383","CD","CONGO, THE DEMOCRATIC REPUBLIC OF THE"
"3590316672","3590316731","UK","UNITED KINGDOM"
"3623891968","3623892479","ZA","SOUTH AFRICA"
"3624376576","3624376655","US","UNITED STATES"
"3624715648","3624715743","SG","SINGAPORE"
"3624902784","3624902911","CA","CANADA"
"3624913408","3624913535","CA","CANADA"
"3625148416","3625168895","US","UNITED STATES"
"3625376064","3625376159","US","UNITED STATES"
"3626232720","3626270719","US","UNITED STATES"
"3626382844","3626382845","IN","INDIA"
"3626525784","3626525799","US","UNITED STATES"
"3626531584","3626531607","CA","CANADA"
"3627524980","3627524987","IR","IRAN, ISLAMIC REPUBLIC OF"
"3628164960","3628165119","US","UNITED STATES"
"3628809040","3628834815","US","UNITED STATES"
"3630039744","3630039759","US","UNITED STATES"
"3630057184","3630057199","US","UNITED STATES"
"3630076416","3630076671","US","UNITED STATES"
"3630100224","3630100479","KW","KUWAIT"
"3630163880","3630163935","US","UNITED STATES"
"3631017192","3631039439","US","UNITED STATES"
"3631098048","3631098063","FI","FINLAND"
"3631672832","3631673231","US","UNITED STATES"
"3632480432","3632480487","US","UNITED STATES"
"3632485680","3632485687","BR","BRAZIL"
"3632492088","3632492095","UK","UNITED KINGDOM"
"3632837136","3632837151","IN","INDIA"
"3633035448","3633035455","US","UNITED STATES"
"3633816496","3633816503","ZA","SOUTH AFRICA"
"3633915904","3633922303","US","UNITED STATES"
"3635458440","3635458719","US","UNITED STATES"
"3635742464","3635742719","US","UNITED STATES"
"3635856544","3635859807","US","UNITED STATES"
"3636153376","3636153823","CA","CANADA"
"3636633672","3636633679","BD","BANGLADESH"
"3636915200","3636915327","IN","INDIA"
"3638198992","3638206407","US","UNITED STATES"
"3638400560","3638400567","PA","PANAMA"
"3639396744","3639396863","US","UNITED STATES"
"3639555872","3639555999","US","UNITED STATES"
"3639680880","3639680887","CL","CHILE"
"3639889280","3639889287","AU","AUSTRALIA"
"3639891128","3639891135","FR","FRANCE"
"3639904032","3639904035","CL","CHILE"
"3640023248","3640023271","US","UNITED STATES"
"3640557568","3640559567","CA","CANADA"
"3641353984","3641354239","AF","AFGHANISTAN"
"3641643008","3641647103","RU","RUSSIAN FEDERATION"
"3641881568","3641881583","CH","SWITZERLAND"
"3642116096","3642117119","NL","NETHERLANDS"
"3642424152","3642424167","NG","NIGERIA"
"3642553856","3642553923","RU","RUSSIAN FEDERATION"
"3642555688","3642555691","UA","UKRAINE"
"3644925440","3644925695","US","UNITED STATES"
"3645183384","3645183439","FR","FRANCE"
"3645455488","3645455615","DE","GERMANY"
"3645670912","3645673471","ES","SPAIN"
"3645763688","3645763690","NL","NETHERLANDS"
"3645763828","3645763841","DE","GERMANY"
"3645763965","3645763965","AT","AUSTRIA"
"3645764103","3645764103","SK","SLOVAKIA"
"3645764219","3645764219","FR","FRANCE"
"3645764341","3645764341","IE","IRELAND"
"3645764485","3645764485","NL","NETHERLANDS"
"3645765344","3645765347","PL","POLAND"
"3645767504","3645767679","DE","GERMANY"
"3647964488","3647964495","DE","GERMANY"
"3647978944","3647979007","NL","NETHERLANDS"
"3647994368","3647994879","NR","NAURU"
"3648126976","3648139263","RU","RUSSIAN FEDERATION"
"3648182112","3648182127","CY","CYPRUS"
"3648417792","3648417807","AT","AUSTRIA"
"3649848320","3649855487","DE","GERMANY"
"3650344560","3650344575","AT","AUSTRIA"
"3650539520","3650543615","ES","SPAIN"
"3651098624","3651101439","DE","GERMANY"
"3651706880","3651709791","MT","MALTA"
"3651938272","3651938943","DE","GERMANY"
"3651971788","3651971788","BR","BRAZIL"
"3652019480","3652019487","UK","UNITED KINGDOM"
"3652985048","3653029775","DE","GERMANY"
"3653407704","3653407711","NG","NIGERIA"
"3653472576","3653472591","NL","NETHERLANDS"
"3653665152","3653665279","DE","GERMANY"
"3656662464","3657433087","DE","GERMANY"
"3674210304","3674431743","JP","JAPAN"
"3707633664","3707699199","JP","JAPAN"
"3742957568","3742973951","PH","PHILIPPINES"
"3755976704","3755978751","KH","CAMBODIA"
